Customer ID,Revenue
18102.0,341776.73
14646.0,243853.05
14156.0,183163.55
14911.0,137710.76
13694.0,128172.42
17511.0,83760.6
15061.0,82162.74
16684.0,75610.17
13089.0,55801.73
16754.0,54558.18
15311.0,54033.21
17850.0,50495.5
13093.0,46332.26
17949.0,46144.75
17450.0,46097.22
16029.0,40808.3
15838.0,40053.35
14298.0,39626.87
12931.0,37836.86
13798.0,37222.05
15769.0,32445.66
13902.0,30411.26
13081.0,30363.670000000002
13777.0,30268.22
17841.0,28844.93
16705.0,28707.011
14680.0,27828.56
13881.0,27402.98
16422.0,27242.45
17940.0,24976.44
13408.0,23365.442
14031.0,23311.74
17389.0,23277.6
16779.0,22443.26
18251.0,21964.14
12482.0,21893.53
13802.0,21585.29
12709.0,20769.63
12748.0,20491.27
17920.0,20130.69
15039.0,19799.86
17381.0,19726.76
17677.0,19647.41
12415.0,19543.84
12471.0,19197.49
16013.0,19116.67
14258.0,18377.27
12921.0,18249.71
13767.0,18169.97
14606.0,18158.22
14527.0,18036.760000000002
18008.0,17642.89
15856.0,17514.63
17675.0,17507.74
16210.0,17217.760000000002
12681.0,16874.170000000002
15523.0,16707.23
13078.0,16451.55
12678.0,16262.87
17404.0,15706.0
17865.0,15428.31
14062.0,14951.43
13564.0,14948.8
15768.0,14685.43
17448.0,14450.01
15808.0,14350.93
13001.0,14241.53
17428.0,14159.61
12647.0,14012.87
17377.0,13881.25
12939.0,13683.0
14895.0,13468.56
16019.0,13053.22
15513.0,12744.37
14667.0,12221.460000000001
12357.0,12079.99
12409.0,12033.54
14088.0,11984.53
13687.0,11880.84
17243.0,11788.08
12682.0,11657.59
16525.0,11435.27
15498.0,11374.35
15640.0,11372.07
13340.0,11364.08
16746.0,11335.44
17589.0,11288.72
12949.0,11247.98
14134.0,11123.35
13319.0,11041.75
17044.0,10970.17
12621.0,10967.24
15615.0,10922.03
18052.0,10877.18
16553.0,10831.3
12472.0,10727.210000000001
16652.0,10658.57
18087.0,10641.5
17416.0,10383.13
16191.0,10238.6
17716.0,10165.53
13027.0,10140.0
14299.0,9972.42
18172.0,9799.06
13225.0,9796.23
15251.0,9768.49
13952.0,9544.8
14091.0,9530.08
17706.0,9446.53
17340.0,9404.86
12714.0,9384.85
16843.0,9344.960000000001
14952.0,9331.46
14961.0,9322.32
15093.0,9247.74
14543.0,8989.54
17139.0,8906.04
15291.0,8854.73
14040.0,8848.49
15032.0,8821.55
12980.0,8817.33
12540.0,8798.25
16549.0,8724.35
15358.0,8602.55
15738.0,8553.35
14160.0,8421.47
14739.0,8370.47
16126.0,8356.83
13178.0,8272.42
13206.0,8211.0
15601.0,8173.860000000001
15044.0,8097.47
17133.0,8079.85
14045.0,8000.88
15078.0,7953.17
16133.0,7923.22
13013.0,7814.83
16656.0,7739.4800000000005
15382.0,7718.64
13680.0,7700.55
16782.0,7680.57
14828.0,7663.7
14849.0,7638.16
12668.0,7575.88
17858.0,7539.89
16713.0,7521.96
17581.0,7511.36
12437.0,7498.1900000000005
16873.0,7480.72
15005.0,7474.86
13162.0,7471.95
13468.0,7419.860000000001
14607.0,7389.96
15497.0,7383.76
13715.0,7328.75
15260.0,7317.610000000001
14049.0,7312.25
14110.0,7287.95
18225.0,7284.59
14194.0,7226.12
14426.0,7185.07
18223.0,7182.35
12583.0,7157.56
18260.0,7156.95
17364.0,7149.82
12476.0,7137.54
18092.0,7107.43
13316.0,7085.49
12477.0,7056.63
12433.0,7052.99
14016.0,7051.25
16161.0,7050.34
17409.0,7021.66
12758.0,6987.41
15555.0,6946.53
13097.0,6910.49
12731.0,6879.8
16327.0,6849.15
16550.0,6836.18
15874.0,6804.33
14439.0,6781.8
16168.0,6768.4800000000005
12557.0,6725.18
17160.0,6683.33
13735.0,6657.88
16258.0,6630.01
12481.0,6626.17
13174.0,6621.6
12524.0,6605.64
13488.0,6603.12
13199.0,6601.02
15296.0,6593.82
14051.0,6587.56
14733.0,6579.26
18226.0,6556.48
17504.0,6493.14
14866.0,6460.32
13668.0,6445.37
16131.0,6359.73
17085.0,6162.87
13327.0,6123.46
13935.0,6116.92
13050.0,6107.83
14735.0,6102.02
12435.0,6096.04
16923.0,6083.85
15281.0,6077.67
13758.0,6072.59
13113.0,6067.5599999999995
14415.0,6036.77
16709.0,6026.14
13418.0,6020.02
12989.0,5992.29
12835.0,5972.19
16180.0,5952.79
14422.0,5937.28
13941.0,5933.74
14855.0,5874.65
17809.0,5871.2300000000005
15981.0,5859.59
16984.0,5824.56
14505.0,5823.55
13615.0,5812.24
16814.0,5781.4400000000005
14676.0,5742.25
14030.0,5722.76
17230.0,5692.78
15984.0,5667.59
15218.0,5651.37
12539.0,5646.400000000001
16839.0,5610.49
14085.0,5607.43
13629.0,5578.5
13999.0,5572.75
13004.0,5530.56
15144.0,5476.47
16558.0,5461.92
14249.0,5400.461
13047.0,5387.62
17338.0,5321.54
15465.0,5261.63
17576.0,5260.52
14146.0,5259.3
15023.0,5248.75
15179.0,5240.62
17107.0,5232.89
15950.0,5194.25
17696.0,5179.84
12497.0,5168.650000000001
12380.0,5167.4400000000005
15867.0,5150.56
13141.0,5138.33
15547.0,5132.95
15998.0,5111.7699999999995
13267.0,5107.77
13102.0,5103.83
15570.0,5096.82
15719.0,5090.45
16985.0,5084.14
13090.0,5078.94
14769.0,5055.07
17146.0,5038.61
15125.0,5007.28
16186.0,4991.97
13069.0,4968.15
12747.0,4949.08
15270.0,4942.99
13448.0,4935.78
16170.0,4933.25
17739.0,4932.09
14154.0,4917.9800000000005
14135.0,4914.74
13869.0,4913.22
15332.0,4892.68
14755.0,4886.07
16008.0,4860.35
12474.0,4849.9800000000005
17157.0,4832.900000000001
14243.0,4829.4800000000005
13576.0,4812.85
14329.0,4806.78
13831.0,4780.69
14113.0,4778.83
18231.0,4766.7
13599.0,4759.74
12823.0,4742.0
12705.0,4739.76
13555.0,4700.11
13148.0,4674.99
15194.0,4666.51
12843.0,4659.8
12957.0,4649.38
14395.0,4619.3
15544.0,4591.61
17068.0,4587.84
15298.0,4581.93
16103.0,4573.12
13381.0,4558.21
14461.0,4557.95
12971.0,4552.4800000000005
13426.0,4526.06
16200.0,4525.73
17308.0,4511.76
13958.0,4504.78
12643.0,4490.66
18178.0,4481.08
18041.0,4475.81
15674.0,4473.83
16701.0,4464.32
14105.0,4443.650000000001
17965.0,4434.81
17873.0,4429.8
12490.0,4400.71
18055.0,4381.78
14648.0,4378.0
13983.0,4377.75
18061.0,4361.06
14918.0,4345.66
12839.0,4344.21
13590.0,4308.62
12431.0,4303.02
16556.0,4296.4400000000005
12454.0,4292.71
16125.0,4292.35
16938.0,4283.68
14081.0,4279.27
12567.0,4278.88
13373.0,4274.94
14936.0,4261.04
13044.0,4257.88
15805.0,4256.75
16722.0,4256.62
16118.0,4255.43
17611.0,4246.16
14175.0,4242.38
14685.0,4241.16
15750.0,4240.071
13329.0,4236.62
15955.0,4232.8
12913.0,4217.23
15727.0,4212.65
12755.0,4203.15
12683.0,4197.51
16279.0,4195.5
16945.0,4185.16
13969.0,4181.03
13451.0,4180.55
14440.0,4169.15
17508.0,4159.47
16749.0,4157.88
15633.0,4156.91
15694.0,4142.86
13854.0,4133.19
17593.0,4132.4400000000005
17700.0,4121.9800000000005
14282.0,4115.32
15980.0,4097.42
15622.0,4093.55
15521.0,4091.34
16858.0,4085.7400000000002
15898.0,4071.51
14292.0,4068.57
17584.0,4067.12
17457.0,4061.31
17735.0,4052.56
16700.0,4044.06
12744.0,4037.77
17138.0,4036.77
13931.0,4019.85
13394.0,4011.08
14766.0,4008.91
17049.0,3999.0
13137.0,3983.65
13756.0,3983.3300000000004
17238.0,3982.66
14291.0,3971.1
14025.0,3969.1
14101.0,3965.34
17625.0,3958.5
15034.0,3957.04
14709.0,3955.34
17091.0,3952.79
16456.0,3952.66
16954.0,3952.25
15372.0,3947.02
13157.0,3946.14
16546.0,3933.29
13317.0,3928.4610000000002
13542.0,3924.09
14210.0,3913.4300000000003
17204.0,3910.78
12836.0,3910.2200000000003
15321.0,3909.92
17231.0,3880.61
14560.0,3876.2599999999998
15823.0,3874.6200000000003
14841.0,3867.2400000000002
16992.0,3858.2400000000002
14145.0,3857.85
14944.0,3831.9700000000003
12867.0,3819.92
16710.0,3811.03
14525.0,3810.64
13883.0,3803.9900000000002
16636.0,3802.04
14286.0,3800.89
16242.0,3795.59
17829.0,3791.1800000000003
17838.0,3769.9500000000003
16670.0,3764.2000000000003
12917.0,3735.5
15903.0,3733.48
16497.0,3729.59
18245.0,3728.67
14442.0,3727.4
17757.0,3713.3
12737.0,3710.5
17092.0,3705.73
15150.0,3686.61
12429.0,3685.11
13082.0,3673.44
17802.0,3657.3
16409.0,3629.76
15755.0,3618.07
18064.0,3613.98
12451.0,3613.01
13446.0,3608.86
13654.0,3600.67
16072.0,3595.77
13107.0,3585.55
16253.0,3573.34
12356.0,3560.3
15786.0,3558.65
16592.0,3551.18
13269.0,3545.47
14625.0,3543.05
13136.0,3532.42
18229.0,3526.81
15785.0,3521.58
16336.0,3517.69
14459.0,3501.221
14844.0,3498.62
13763.0,3492.53
12759.0,3489.3
13593.0,3479.73
15159.0,3475.7200000000003
15673.0,3473.14
12841.0,3468.36
15641.0,3458.35
13230.0,3457.83
18065.0,3456.8
15299.0,3456.5299999999997
12633.0,3454.58
13734.0,3445.34
17876.0,3424.02
14388.0,3417.26
12455.0,3413.09
15129.0,3412.78
14702.0,3410.44
17365.0,3397.98
16320.0,3390.39
14514.0,3385.59
15812.0,3385.03
17307.0,3378.31
14060.0,3367.76
16732.0,3363.04
16735.0,3362.8
12613.0,3354.84
16182.0,3354.0
13491.0,3350.7400000000002
13658.0,3350.6
13324.0,3348.57
12623.0,3334.7400000000002
16563.0,3324.62
12422.0,3315.79
17315.0,3314.1
16353.0,3310.2200000000003
15369.0,3305.88
18094.0,3305.32
13031.0,3292.84
17663.0,3292.77
13993.0,3280.7000000000003
12615.0,3273.69
14852.0,3272.19
13815.0,3270.88
13214.0,3264.23
17519.0,3263.73
13722.0,3260.0
13495.0,3256.4900000000002
15571.0,3241.92
16570.0,3218.87
16153.0,3213.28
13357.0,3196.11
16940.0,3195.53
13520.0,3192.9
18194.0,3188.2
14028.0,3175.5
13115.0,3168.82
13659.0,3165.78
17612.0,3163.38
14800.0,3160.05
14092.0,3146.64
13139.0,3138.04
15367.0,3138.04
12662.0,3132.09
15680.0,3130.8
15002.0,3127.9700000000003
17412.0,3126.92
16351.0,3125.23
13953.0,3125.0
13015.0,3119.44
17469.0,3115.28
17799.0,3112.46
12417.0,3109.91
14530.0,3106.51
17646.0,3098.5
17644.0,3095.56
13771.0,3094.37
14221.0,3078.7400000000002
15502.0,3071.87
12469.0,3070.54
15394.0,3067.86
12511.0,3065.77
17069.0,3063.18
12872.0,3055.37
13183.0,3053.1000000000004
13552.0,3049.1
17618.0,3046.06
18075.0,3041.19
15485.0,3039.01
13562.0,3038.85
12766.0,3036.8
15538.0,3036.1
16717.0,3031.6
13875.0,3027.58
17769.0,3024.88
17913.0,3020.64
16986.0,3015.55
17145.0,3014.64
14227.0,3011.6
15614.0,3008.86
16718.0,3006.08
13769.0,2994.76
17287.0,2984.25
14535.0,2983.39
17526.0,2970.14
17861.0,2968.91
13037.0,2961.48
17372.0,2958.0
13985.0,2957.78
16325.0,2953.3
16145.0,2951.62
14593.0,2951.54
15939.0,2945.38
13870.0,2938.59
13634.0,2932.4900000000002
16156.0,2928.77
15722.0,2926.09
16444.0,2912.91
13291.0,2909.68
17819.0,2907.65
16736.0,2904.51
12468.0,2900.51
14532.0,2900.18
16067.0,2900.01
14465.0,2887.41
14159.0,2879.03
12806.0,2878.96
16003.0,2878.46
14590.0,2871.04
14209.0,2870.2400000000002
14047.0,2868.7200000000003
17931.0,2862.55
16467.0,2862.4
15421.0,2854.98
14257.0,2854.73
14796.0,2849.51
14913.0,2845.7000000000003
15122.0,2839.09
15222.0,2830.66
14824.0,2824.8
14441.0,2816.45
12631.0,2811.77
13205.0,2803.2
15079.0,2793.09
12406.0,2791.46
13975.0,2786.66
14817.0,2778.87
16316.0,2777.75
16208.0,2776.19
13052.0,2771.18
15817.0,2766.4
14930.0,2763.78
14732.0,2761.1800000000003
16772.0,2760.1
15255.0,2756.52
16400.0,2755.92
14882.0,2755.35
17754.0,2750.77
14112.0,2750.34
14770.0,2748.4700000000003
14540.0,2747.08
16571.0,2739.83
12712.0,2738.03
15628.0,2737.7200000000003
17685.0,2736.64
17241.0,2736.64
17669.0,2735.63
14744.0,2732.49
13901.0,2732.14
18145.0,2730.4900000000002
17082.0,2728.18
16335.0,2726.52
16283.0,2726.36
12358.0,2719.01
14572.0,2709.59
14713.0,2708.21
12510.0,2706.76
13510.0,2703.23
17191.0,2701.27
13461.0,2693.5
13334.0,2692.73
15480.0,2686.75
17690.0,2685.2
15527.0,2673.46
12838.0,2672.3
12910.0,2671.98
14401.0,2663.42
17406.0,2663.38
14566.0,2660.0
14825.0,2659.37
17001.0,2651.23
12349.0,2646.9900000000002
12967.0,2646.02
14740.0,2645.65
17848.0,2645.16
17019.0,2642.33
17096.0,2636.9
14493.0,2630.92
15240.0,2629.43
17083.0,2629.3
12671.0,2622.481
13209.0,2617.9
14626.0,2617.7
14907.0,2615.84
15854.0,2609.16
17672.0,2600.46
16655.0,2598.64
14099.0,2592.7400000000002
17863.0,2585.2
17426.0,2584.11
12857.0,2577.85
15203.0,2572.38
14451.0,2571.6
17673.0,2568.56
16347.0,2568.11
16401.0,2567.75
16308.0,2560.0
13707.0,2559.45
17686.0,2557.35
16094.0,2557.33
15290.0,2551.81
15754.0,2546.19
15967.0,2545.92
12779.0,2538.06
17465.0,2533.64
15301.0,2533.09
15051.0,2528.55
17400.0,2525.44
17975.0,2521.2200000000003
14564.0,2519.32
16303.0,2517.89
13929.0,2515.25
13384.0,2512.81
17512.0,2512.23
17346.0,2509.84
16190.0,2508.4700000000003
13786.0,2505.46
14546.0,2505.11
13485.0,2503.68
17930.0,2502.44
12708.0,2501.84
12483.0,2496.34
12978.0,2496.07
13982.0,2494.98
15249.0,2489.79
17059.0,2488.84
16933.0,2487.57
14001.0,2487.01
17640.0,2485.93
12625.0,2481.06
16950.0,2476.03
18168.0,2474.91
16011.0,2472.55
13018.0,2470.06
12359.0,2469.36
17730.0,2468.52
15858.0,2466.27
16523.0,2464.87
12749.0,2460.29
15983.0,2458.9
16455.0,2458.04
15123.0,2456.86
18069.0,2455.68
12523.0,2455.48
15046.0,2454.12
13995.0,2452.77
13571.0,2448.32
12589.0,2447.49
16143.0,2447.04
14344.0,2443.77
16919.0,2443.66
16393.0,2441.61
16098.0,2435.67
17402.0,2427.53
15077.0,2423.88
17491.0,2422.2
13979.0,2420.66
12976.0,2417.78
14044.0,2414.33
15024.0,2414.18
14857.0,2413.281
15494.0,2412.92
13464.0,2409.21
13823.0,2400.89
13557.0,2396.02
16293.0,2395.46
15712.0,2395.1
17031.0,2393.5
14737.0,2389.62
16767.0,2379.2
12600.0,2374.75
14466.0,2374.5
15514.0,2368.34
15796.0,2352.09
15050.0,2349.5
17449.0,2348.94
18093.0,2346.19
16539.0,2343.2
18287.0,2340.61
12656.0,2338.06
17213.0,2337.85
16607.0,2336.51
16742.0,2334.9700000000003
12720.0,2334.6
15581.0,2333.36
15043.0,2333.3199999999997
15182.0,2319.902
13213.0,2316.19
15353.0,2314.1
13458.0,2312.7000000000003
15606.0,2310.83
14878.0,2307.39
15306.0,2306.63
15946.0,2304.18
13077.0,2301.85
12609.0,2291.01
17442.0,2290.44
14938.0,2289.43
13527.0,2288.98
17738.0,2282.01
17884.0,2281.92
12637.0,2280.91
14341.0,2277.09
18051.0,2275.98
17419.0,2273.95
13362.0,2272.08
13371.0,2271.46
12863.0,2271.35
17553.0,2270.0
12725.0,2266.76
15015.0,2265.77
13297.0,2262.82
12391.0,2259.58
12782.0,2252.7200000000003
17084.0,2249.97
16150.0,2248.62
13266.0,2247.63
12374.0,2246.29
15365.0,2242.81
12928.0,2242.19
15629.0,2240.9
13131.0,2240.4700000000003
17929.0,2239.1
17602.0,2238.51
13963.0,2235.08
15389.0,2233.8
18257.0,2231.42
15638.0,2231.2
17692.0,2228.96
14649.0,2227.45
17218.0,2226.96
15757.0,2225.94
16255.0,2222.54
13842.0,2219.34
16104.0,2213.0
13421.0,2212.84
13048.0,2210.67
16458.0,2208.15
15569.0,2207.74
13021.0,2201.98
14867.0,2200.13
16560.0,2194.2200000000003
15228.0,2193.56
13173.0,2193.26
15934.0,2190.66
16383.0,2188.93
12982.0,2184.92
15518.0,2183.84
14161.0,2182.46
15476.0,2180.28
12371.0,2179.42
16503.0,2176.46
16791.0,2174.78
15532.0,2174.12
15978.0,2173.84
16499.0,2172.64
16584.0,2169.94
18144.0,2169.25
15493.0,2168.27
13762.0,2165.76
14107.0,2165.2200000000003
17822.0,2162.93
14295.0,2161.36
17063.0,2155.29
12480.0,2153.4700000000003
15031.0,2150.54
16004.0,2146.39
17732.0,2144.17
14431.0,2143.84
12687.0,2138.91
15623.0,2136.02
17305.0,2135.46
14057.0,2135.0
17032.0,2129.78
17552.0,2129.2400000000002
14293.0,2127.77
12951.0,2122.35
14898.0,2119.39
13611.0,2118.63
14482.0,2118.25
16748.0,2116.39
13152.0,2114.98
13407.0,2111.89
15142.0,2110.23
14496.0,2107.07
17311.0,2105.81
15965.0,2105.51
15067.0,2105.37
16202.0,2101.77
15271.0,2097.95
15245.0,2095.0
16053.0,2094.19
14469.0,2093.46
14211.0,2093.39
14399.0,2093.21
17113.0,2092.16
16883.0,2091.66
16918.0,2087.97
17188.0,2086.25
15151.0,2085.61
13848.0,2080.0
13059.0,2077.82
18026.0,2074.07
13450.0,2073.82
15059.0,2069.43
13478.0,2068.03
14307.0,2067.36
16841.0,2066.54
12530.0,2066.23
17596.0,2062.39
14688.0,2056.3
16612.0,2055.82
16105.0,2049.23
12395.0,2048.64
16206.0,2047.8600000000001
16466.0,2046.13
16719.0,2045.88
18258.0,2040.97
16331.0,2037.7
16795.0,2035.21
15862.0,2033.64
14869.0,2033.0
12849.0,2032.18
16875.0,2029.73
12935.0,2025.56
13481.0,2022.03
13431.0,2020.14
16197.0,2016.71
14225.0,2009.17
13696.0,2008.6999999999998
16532.0,2007.84
17969.0,2007.34
17722.0,2006.32
15819.0,2005.8300000000002
17203.0,2004.01
14970.0,2001.34
17314.0,1999.94
16743.0,1999.02
12986.0,1998.3400000000001
15312.0,1995.39
14639.0,1994.47
12975.0,1993.99
13473.0,1993.44
15481.0,1993.34
16271.0,1993.18
16147.0,1992.02
17682.0,1982.45
14555.0,1982.34
13693.0,1980.3200000000002
18259.0,1979.6000000000001
13736.0,1979.37
16065.0,1975.13
14634.0,1971.82
16032.0,1965.72
16176.0,1964.04
14701.0,1961.02
18097.0,1959.3200000000002
13772.0,1957.89
16290.0,1957.7
14669.0,1957.54
16395.0,1957.45
17039.0,1954.99
12653.0,1950.98
14498.0,1943.51
17897.0,1943.25
12733.0,1942.8700000000001
15425.0,1941.1200000000001
12802.0,1937.84
15791.0,1937.35
16033.0,1930.68
18215.0,1924.65
12385.0,1923.4
15027.0,1922.0900000000001
16101.0,1921.46
16686.0,1921.19
13253.0,1920.71
13750.0,1916.3400000000001
15716.0,1913.55
16905.0,1910.87
16416.0,1906.48
13849.0,1905.85
16912.0,1904.93
14290.0,1901.48
14655.0,1899.08
17550.0,1898.38
18170.0,1897.69
17293.0,1896.57
15602.0,1892.3400000000001
13971.0,1891.6100000000001
14548.0,1888.49
16209.0,1884.16
14239.0,1880.22
16823.0,1877.76
13635.0,1877.19
14756.0,1874.5
16341.0,1872.91
15953.0,1870.8
16128.0,1868.18
13313.0,1867.95
16631.0,1867.02
15443.0,1865.6
13851.0,1865.3000000000002
15248.0,1865.03
14032.0,1856.23
13014.0,1855.4
15199.0,1853.7
12876.0,1850.5700000000002
12586.0,1848.73
12853.0,1846.8
16045.0,1846.33
13126.0,1846.18
15265.0,1839.52
15944.0,1839.14
13728.0,1839.03
17623.0,1838.72
17667.0,1828.29
16477.0,1825.56
16229.0,1824.76
13663.0,1824.14
18009.0,1823.19
13538.0,1822.28
16163.0,1822.03
12578.0,1819.0900000000001
16276.0,1818.79
18109.0,1816.59
16177.0,1809.66
17115.0,1809.39
12484.0,1806.93
14837.0,1804.6200000000001
17857.0,1803.2
14064.0,1798.65
12377.0,1798.2
16036.0,1797.92
13032.0,1793.48
13338.0,1791.8
12369.0,1791.15
15827.0,1789.48
15366.0,1786.57
14790.0,1781.56
16510.0,1777.5
12531.0,1773.83
15095.0,1771.04
15972.0,1769.33
16485.0,1766.54
13455.0,1766.47
16554.0,1765.6200000000001
15665.0,1764.86
15916.0,1762.18
13203.0,1761.09
16797.0,1761.02
13623.0,1760.53
17811.0,1756.73
16365.0,1756.3799999999999
12865.0,1755.24
16005.0,1754.33
17242.0,1754.24
14334.0,1753.52
14507.0,1751.92
13305.0,1751.75
16983.0,1748.15
17651.0,1745.92
15351.0,1745.09
15073.0,1744.61
12645.0,1743.72
16086.0,1743.6
17742.0,1743.3700000000001
13719.0,1741.4
17354.0,1740.8999999999999
16087.0,1739.92
15380.0,1739.84
13425.0,1738.52
16812.0,1737.45
13920.0,1734.8799999999999
14897.0,1734.3600000000001
12594.0,1724.29
18095.0,1723.04
16059.0,1718.66
16225.0,1717.49
14390.0,1715.01
12739.0,1713.69
16619.0,1712.1200000000001
15329.0,1711.98
13665.0,1711.66
13534.0,1711.42
16062.0,1709.83
16232.0,1708.79
16771.0,1706.99
12820.0,1705.6
14988.0,1704.1100000000001
17211.0,1702.43
15221.0,1702.0
18077.0,1699.25
12727.0,1698.8300000000002
15625.0,1698.69
12932.0,1698.56
17320.0,1695.15
15057.0,1695.06
17621.0,1693.22
14205.0,1689.6
13577.0,1688.32
16993.0,1688.15
12813.0,1687.8
17774.0,1687.7
15100.0,1684.3999999999999
17961.0,1681.4
15596.0,1680.25
16241.0,1680.2
17470.0,1679.8
13648.0,1679.01
14534.0,1677.37
14004.0,1675.81
14673.0,1674.41
12963.0,1671.76
15736.0,1668.67
14653.0,1666.41
12500.0,1666.04
16329.0,1664.92
16470.0,1664.08
12870.0,1662.05
13561.0,1661.54
17588.0,1661.45
14177.0,1660.23
16120.0,1658.3700000000001
13117.0,1657.2
15456.0,1656.93
16611.0,1655.64
13330.0,1655.17
12873.0,1653.3
12911.0,1651.72
12701.0,1648.7
14963.0,1645.38
14421.0,1643.51
16081.0,1637.14
12649.0,1634.99
15310.0,1634.64
13192.0,1632.59
14562.0,1631.38
14215.0,1626.6100000000001
17165.0,1624.95
12770.0,1624.5
14831.0,1623.97
14916.0,1623.3700000000001
13911.0,1619.1299999999999
12854.0,1618.42
14515.0,1616.81
15013.0,1610.82
17814.0,1609.37
13154.0,1609.29
14467.0,1606.98
15062.0,1597.76
17853.0,1596.29
17028.0,1593.83
16860.0,1593.67
17994.0,1593.49
12937.0,1593.34
13643.0,1592.73
14396.0,1591.74
16275.0,1591.24
16326.0,1587.03
13156.0,1586.54
14327.0,1583.28
15789.0,1580.71
16620.0,1579.97
15810.0,1579.3700000000001
12549.0,1575.68
15288.0,1574.51
13824.0,1574.42
14492.0,1574.3600000000001
14235.0,1573.13
15985.0,1572.8600000000001
13202.0,1571.3500000000001
17905.0,1571.08
16012.0,1563.3
12629.0,1558.22
15752.0,1557.96
15811.0,1557.38
17758.0,1555.83
14449.0,1555.4
13397.0,1554.93
16515.0,1554.92
17460.0,1554.77
14136.0,1553.96
17851.0,1552.35
14854.0,1552.28
15747.0,1551.22
14147.0,1550.9
12360.0,1550.83
14186.0,1550.63
13692.0,1549.58
13337.0,1548.55
13092.0,1547.5
13554.0,1547.46
14409.0,1545.44
13783.0,1542.09
15482.0,1539.11
15798.0,1535.37
12916.0,1534.78
17921.0,1533.98
12798.0,1533.89
15681.0,1533.84
14410.0,1531.63
16529.0,1531.55
13503.0,1530.54
13501.0,1529.79
12424.0,1528.82
13198.0,1528.19
12926.0,1523.97
16124.0,1522.24
17954.0,1521.79
15434.0,1519.63
17720.0,1519.1200000000001
13632.0,1517.68
15422.0,1517.32
16134.0,1516.3
14896.0,1515.75
15834.0,1515.39
15803.0,1513.84
15841.0,1507.4
17594.0,1504.7
17262.0,1504.26
14408.0,1503.24
13211.0,1500.9
15860.0,1498.8
15590.0,1496.6
13377.0,1495.43
14915.0,1493.8200000000002
12924.0,1493.2
16314.0,1491.4
13819.0,1490.75
17422.0,1488.52
14608.0,1488.29
18219.0,1487.6200000000001
18214.0,1480.99
14312.0,1478.7
13652.0,1475.77
18230.0,1474.1100000000001
18220.0,1473.92
15607.0,1473.81
15678.0,1473.24
17414.0,1471.52
16265.0,1470.47
14180.0,1469.98
13280.0,1469.3700000000001
12582.0,1469.04
15167.0,1468.82
14129.0,1467.48
14870.0,1467.3500000000001
14695.0,1466.72
13360.0,1464.1
14682.0,1462.81
16960.0,1462.38
15081.0,1460.92
12826.0,1460.57
13042.0,1454.84
15563.0,1453.98
16917.0,1451.41
18268.0,1451.22
13361.0,1450.5
15876.0,1449.14
14256.0,1449.08
13874.0,1448.75
17180.0,1447.8
14038.0,1446.45
15030.0,1446.38
17534.0,1445.47
13110.0,1443.3
14014.0,1443.03
12676.0,1441.7
13543.0,1439.61
13889.0,1438.8300000000002
16088.0,1437.43
12408.0,1437.07
12805.0,1434.95
15325.0,1434.52
15793.0,1433.96
12389.0,1433.33
15910.0,1432.29
15572.0,1431.78
14309.0,1428.28
14640.0,1421.88
17029.0,1421.3
16520.0,1420.82
14195.0,1418.54
18044.0,1417.01
17388.0,1415.81
17353.0,1415.55
13871.0,1415.15
17694.0,1412.85
15550.0,1412.22
12598.0,1411.99
17610.0,1410.29
16854.0,1408.96
12378.0,1407.7
12877.0,1406.3700000000001
13888.0,1405.92
12726.0,1405.5
12765.0,1404.58
16461.0,1402.91
17075.0,1402.51
17351.0,1401.08
13764.0,1400.2
15911.0,1399.45
15173.0,1399.26
16650.0,1397.69
16595.0,1397.59
16233.0,1396.58
16129.0,1396.05
13647.0,1393.56
14875.0,1392.83
15782.0,1391.71
17147.0,1389.51
16755.0,1382.9
14909.0,1380.98
17597.0,1380.92
14758.0,1380.91
13711.0,1380.55
15384.0,1378.73
15141.0,1378.31
14130.0,1377.86
15392.0,1376.09
18242.0,1372.72
14533.0,1372.5
14651.0,1371.77
15795.0,1369.8600000000001
17018.0,1367.6
16300.0,1367.32
15704.0,1367.26
13477.0,1364.5900000000001
14152.0,1364.3500000000001
17432.0,1363.23
13074.0,1362.8400000000001
14035.0,1362.48
16588.0,1361.28
14748.0,1360.46
16904.0,1360.31
16007.0,1359.25
15885.0,1358.22
17150.0,1357.95
16108.0,1355.83
14316.0,1355.34
17235.0,1354.82
16281.0,1354.46
15649.0,1354.35
12412.0,1354.15
16085.0,1353.72
13753.0,1353.31
15370.0,1352.96
13799.0,1350.96
12418.0,1348.37
15865.0,1346.29
13246.0,1345.68
17071.0,1345.48
17728.0,1345.45
14404.0,1344.64
15732.0,1343.4
14905.0,1339.79
17676.0,1339.25
12711.0,1339.05
12644.0,1337.63
12516.0,1336.56
13895.0,1335.5
16788.0,1334.54
16017.0,1333.7
13813.0,1333.01
14899.0,1331.38
16569.0,1331.03
14304.0,1326.71
13655.0,1326.33
14628.0,1326.04
14956.0,1325.0
14301.0,1324.19
13705.0,1323.47
12347.0,1323.32
12960.0,1322.0700000000002
13748.0,1320.1
17666.0,1319.6399999999999
14233.0,1319.45
16221.0,1319.3
15751.0,1318.84
14597.0,1318.39
16625.0,1318.0
16551.0,1315.0
15252.0,1312.28
15658.0,1311.44
15272.0,1309.01
16054.0,1306.78
14987.0,1305.85
13649.0,1304.88
13662.0,1304.05
14745.0,1303.9
16833.0,1302.51
16010.0,1300.51
14710.0,1300.31
12840.0,1299.6
15189.0,1298.99
16119.0,1297.45
18276.0,1297.31
14644.0,1297.01
14346.0,1294.17
15241.0,1293.72
15381.0,1290.77
16835.0,1290.66
15611.0,1289.98
17505.0,1289.64
13650.0,1289.16
16218.0,1288.73
16608.0,1286.6200000000001
12724.0,1286.11
17348.0,1285.69
18272.0,1282.55
17190.0,1281.83
14217.0,1281.51
13276.0,1280.28
17603.0,1280.21
16600.0,1280.04
16775.0,1279.63
13012.0,1279.56
12721.0,1277.7
14478.0,1276.66
14499.0,1275.0
14850.0,1274.01
14490.0,1273.47
14679.0,1272.95
17478.0,1272.8000000000002
14481.0,1272.01
17228.0,1269.89
17220.0,1269.76
15889.0,1269.15
15227.0,1269.0900000000001
15439.0,1269.05
15976.0,1266.77
16894.0,1265.26
18188.0,1264.7
16096.0,1264.3500000000001
15279.0,1264.33
12599.0,1264.14
17046.0,1264.05
13709.0,1263.7
13196.0,1261.8600000000001
13916.0,1260.51
17635.0,1256.83
16374.0,1256.67
15452.0,1256.63
14506.0,1256.6000000000001
13531.0,1254.72
17582.0,1254.68
15064.0,1254.41
15441.0,1254.21
13855.0,1253.94
15261.0,1253.18
15058.0,1252.19
17222.0,1250.8600000000001
13239.0,1250.28
14285.0,1248.63
16716.0,1248.48
12666.0,1248.42
16296.0,1245.97
13838.0,1245.91
14000.0,1243.88
17396.0,1243.8
14236.0,1241.88
14420.0,1241.85
12635.0,1241.23
13443.0,1240.71
17529.0,1240.25
13263.0,1239.27
17259.0,1239.11
15489.0,1237.3300000000002
16174.0,1237.2
17894.0,1236.67
15410.0,1234.88
14006.0,1234.48
13201.0,1233.06
13740.0,1232.02
14868.0,1230.42
12784.0,1230.33
14821.0,1230.15
14068.0,1227.47
15466.0,1225.93
12605.0,1225.45
17095.0,1224.39
17714.0,1223.58
12809.0,1220.98
17132.0,1220.91
16366.0,1220.83
15326.0,1218.1100000000001
14967.0,1216.72
15390.0,1216.66
15580.0,1216.15
13440.0,1213.95
17870.0,1213.8
13019.0,1212.95
15660.0,1212.13
13118.0,1209.1
15764.0,1207.81
18171.0,1206.0
17768.0,1205.88
15990.0,1205.64
15861.0,1203.48
16891.0,1202.77
18151.0,1200.59
16946.0,1199.54
17713.0,1198.09
16307.0,1194.92
15551.0,1192.95
14861.0,1192.61
17702.0,1192.07
17797.0,1191.44
16501.0,1191.23
14127.0,1190.3700000000001
15402.0,1189.8700000000001
14275.0,1189.3799999999999
18057.0,1188.46
18286.0,1188.43
17047.0,1188.33
12664.0,1188.16
13085.0,1187.08
15164.0,1186.63
18060.0,1185.46
12562.0,1185.18
12742.0,1185.02
16859.0,1184.6
13946.0,1183.8600000000001
13410.0,1183.6
15259.0,1182.3799999999999
17021.0,1182.22
13293.0,1180.34
15377.0,1179.95
16768.0,1179.48
15600.0,1178.71
18025.0,1177.72
15379.0,1174.55
17679.0,1174.45
13880.0,1171.89
13797.0,1168.45
17977.0,1165.41
13382.0,1164.5900000000001
16450.0,1163.81
15111.0,1163.39
17050.0,1162.82
13459.0,1160.41
14189.0,1160.31
17978.0,1159.99
16926.0,1158.66
17324.0,1158.64
13506.0,1156.83
17342.0,1155.8400000000001
17127.0,1155.0300000000002
14978.0,1155.02
17025.0,1152.8700000000001
17306.0,1151.04
12533.0,1149.99
16167.0,1149.87
16817.0,1147.6000000000001
16434.0,1147.19
13151.0,1145.79
16770.0,1145.73
16928.0,1145.53
13878.0,1145.33
16634.0,1145.2
14776.0,1143.44
14400.0,1143.3
18036.0,1142.37
14264.0,1141.89
16521.0,1140.11
16282.0,1139.28
15879.0,1137.8
13523.0,1136.64
15561.0,1133.8
13434.0,1132.6200000000001
15347.0,1132.3
16235.0,1132.2
16934.0,1131.8600000000001
16848.0,1130.2
15426.0,1129.9
17941.0,1128.72
15586.0,1128.66
13984.0,1128.09
14671.0,1127.45
17048.0,1127.13
12503.0,1126.0
17622.0,1125.17
14917.0,1123.75
14692.0,1123.59
18066.0,1122.4
16727.0,1121.45
14623.0,1121.43
13800.0,1121.24
12388.0,1120.45
14212.0,1119.66
13259.0,1119.36
15253.0,1117.99
15529.0,1116.72
12972.0,1115.95
17496.0,1114.84
15696.0,1113.01
14621.0,1112.51
17642.0,1112.2
14489.0,1111.55
16369.0,1111.15
16654.0,1110.2
17289.0,1109.53
15559.0,1109.4
15828.0,1108.82
16350.0,1106.02
13393.0,1105.85
16702.0,1100.8799999999999
16711.0,1100.45
17137.0,1099.81
12803.0,1092.81
14370.0,1092.13
13414.0,1091.74
13055.0,1090.55
17726.0,1089.56
15154.0,1089.44
12439.0,1089.18
17908.0,1088.82
16223.0,1087.05
14708.0,1085.91
14021.0,1084.68
16043.0,1082.6
17227.0,1081.8600000000001
14343.0,1079.66
17477.0,1079.0
16239.0,1078.0
17002.0,1077.82
14332.0,1077.2
17366.0,1075.59
16231.0,1074.47
13567.0,1074.19
13760.0,1071.85
16040.0,1070.15
15339.0,1069.7
13579.0,1068.8
17343.0,1066.3
14524.0,1066.03
14935.0,1065.1200000000001
18118.0,1062.95
16205.0,1062.48
16057.0,1061.85
15484.0,1061.69
15652.0,1059.7
17421.0,1059.41
15506.0,1058.25
14984.0,1058.1399999999999
14306.0,1058.0800000000002
16244.0,1056.63
16391.0,1052.26
16825.0,1051.71
17288.0,1050.8
13065.0,1050.1000000000001
13775.0,1049.66
12970.0,1048.13
16756.0,1048.02
17474.0,1047.0
16725.0,1046.69
14734.0,1045.47
13803.0,1042.04
16991.0,1041.21
17560.0,1040.85
13613.0,1039.8500000000001
16777.0,1038.81
14541.0,1038.03
12486.0,1037.28
17974.0,1035.1
17438.0,1034.32
15149.0,1033.81
16083.0,1033.8
12801.0,1031.8700000000001
13299.0,1030.8
14080.0,1030.13
15887.0,1027.15
17126.0,1026.98
12908.0,1026.0
17310.0,1025.1
17567.0,1024.55
15003.0,1022.03
16568.0,1020.9
18074.0,1019.44
18106.0,1019.16
16531.0,1018.99
12402.0,1018.5500000000001
14229.0,1018.39
16787.0,1017.53
14480.0,1016.22
14631.0,1016.19
13333.0,1015.74
17454.0,1015.11
17090.0,1014.09
12875.0,1013.7600000000001
18277.0,1013.75
13375.0,1013.58
17655.0,1013.54
17236.0,1013.13
17004.0,1012.22
12905.0,1011.82
15774.0,1011.8000000000001
17540.0,1011.7
14847.0,1011.2
13039.0,1010.73
17321.0,1008.05
13884.0,1007.63
15771.0,1006.54
17341.0,1006.53
13610.0,1006.08
16042.0,1005.63
16527.0,1004.88
16435.0,1003.0699999999999
15373.0,1002.93
13462.0,1002.35
17984.0,999.51
17878.0,999.48
16586.0,998.83
13890.0,997.87
17539.0,997.34
13857.0,997.11
14829.0,995.29
13723.0,994.23
15101.0,993.46
15186.0,991.7900000000001
12577.0,990.5
13559.0,990.0
16130.0,987.48
14585.0,986.22
14643.0,986.08
15176.0,985.09
12862.0,984.62
14479.0,982.86
14538.0,982.59
12543.0,980.25
14230.0,979.8000000000001
17369.0,979.2
16979.0,978.04
14114.0,977.5600000000001
13939.0,976.91
13919.0,975.87
18071.0,975.63
17456.0,975.5600000000001
16214.0,975.5
17290.0,974.95
14454.0,970.7
12933.0,970.6
17268.0,970.25
12694.0,969.78
13821.0,969.74
16016.0,967.46
16254.0,967.44
14693.0,966.96
13204.0,966.6600000000001
15084.0,965.1999999999999
16699.0,964.9
14510.0,964.55
13591.0,964.06
17515.0,963.49
16471.0,962.23
16340.0,961.93
13587.0,961.1
13240.0,958.86
14715.0,958.0699999999999
14430.0,956.4000000000001
18085.0,955.8000000000001
17695.0,955.1999999999999
15882.0,953.5500000000001
12778.0,953.4499999999999
13417.0,953.0600000000001
14443.0,950.7
12767.0,949.82
15468.0,949.02
15708.0,948.97
15177.0,948.9300000000001
17585.0,948.03
16889.0,947.98
16027.0,947.72
17345.0,946.64
13497.0,945.2800000000001
17544.0,944.82
16807.0,943.29
16199.0,942.75
18193.0,942.74
13526.0,942.6
18149.0,941.88
15268.0,941.2500000000001
14512.0,940.69
18252.0,938.92
13778.0,937.84
17950.0,937.1800000000001
15192.0,937.07
17020.0,935.62
14615.0,934.26
14544.0,934.23
15117.0,934.19
15792.0,933.84
14553.0,933.8299999999999
15826.0,933.77
12675.0,933.55
12874.0,933.42
12396.0,931.4300000000001
13465.0,931.12
14723.0,927.89
13539.0,925.42
12745.0,925.41
14573.0,925.3
17862.0,923.99
15734.0,923.85
13641.0,921.8199999999999
14605.0,921.5600000000001
16915.0,921.5
15906.0,920.65
17363.0,920.46
16359.0,919.03
13863.0,918.07
12368.0,917.7
14061.0,917.4300000000001
14379.0,917.0600000000001
14839.0,915.28
14665.0,913.95
13402.0,913.9
18236.0,913.11
17871.0,913.05
12505.0,912.5
14276.0,909.93
14568.0,909.5
14969.0,906.23
15661.0,906.15
16774.0,905.96
12909.0,905.94
14754.0,905.6800000000001
16372.0,904.58
15430.0,903.75
15807.0,903.67
12425.0,903.61
16975.0,902.4200000000001
16138.0,902.4
14414.0,902.35
13300.0,901.9200000000001
17322.0,900.64
16895.0,900.63
14427.0,900.1800000000001
15710.0,898.87
17531.0,897.77
13249.0,897.52
12998.0,897.38
14619.0,896.8
12553.0,896.57
16266.0,896.06
18241.0,896.0
13996.0,895.76
18022.0,894.53
16115.0,892.92
16987.0,892.7
15822.0,892.44
13288.0,892.16
16358.0,892.1500000000001
17990.0,891.73
13872.0,891.32
15824.0,890.94
16292.0,890.56
15140.0,889.44
14065.0,889.37
14813.0,888.91
14853.0,888.3199999999999
15579.0,887.78
12591.0,886.1
13278.0,885.47
13124.0,885.33
17101.0,885.32
14933.0,885.0
14220.0,882.5999999999999
16159.0,882.09
13761.0,881.52
14966.0,881.24
16228.0,881.0600000000001
17143.0,880.97
14700.0,880.96
15215.0,880.47
17578.0,878.99
14612.0,877.7
16256.0,876.9399999999999
18177.0,875.45
14204.0,874.22
18141.0,873.97
16623.0,873.04
13395.0,872.51
14994.0,872.42
15886.0,871.78
14375.0,871.26
17244.0,871.14
13782.0,869.27
12997.0,867.1700000000001
13900.0,867.14
17167.0,867.11
17966.0,865.49
13787.0,864.66
16287.0,864.48
14198.0,864.08
14320.0,861.01
13295.0,860.07
13891.0,859.21
17043.0,858.47
16830.0,857.7900000000001
16794.0,856.1999999999999
17161.0,856.01
15992.0,854.61
13945.0,854.1500000000001
14901.0,853.8100000000001
15664.0,853.72
12399.0,853.65
17006.0,853.49
16906.0,851.33
14437.0,850.84
16574.0,850.34
16677.0,849.77
13897.0,849.5600000000001
15784.0,848.33
14202.0,847.76
13970.0,846.55
15210.0,845.01
14686.0,844.58
14922.0,843.74
14265.0,843.1700000000001
17638.0,842.4000000000001
16511.0,842.16
14355.0,840.0500000000001
17332.0,838.27
16317.0,838.11
17201.0,837.72
15471.0,837.53
14206.0,836.95
17382.0,836.88
16099.0,836.35
13795.0,836.3
13386.0,835.46
12525.0,835.1800000000001
15190.0,834.4399999999999
13976.0,834.38
12903.0,833.5300000000001
15542.0,833.16
16140.0,832.4200000000001
14224.0,831.98
13566.0,831.76
17671.0,830.63
14372.0,830.1800000000001
12458.0,830.09
17429.0,830.04
16798.0,830.01
17368.0,829.67
17659.0,829.38
12730.0,829.25
15617.0,828.5500000000001
17003.0,828.21
12639.0,826.27
12695.0,825.02
15133.0,824.48
14260.0,824.28
16264.0,823.53
13476.0,823.0
14389.0,821.35
16246.0,821.35
13304.0,820.37
17683.0,819.01
15074.0,817.46
16430.0,817.09
15180.0,816.9300000000001
15269.0,816.5600000000001
13294.0,815.79
14556.0,815.69
17790.0,815.11
16048.0,812.84
16809.0,812.74
15912.0,810.08
12693.0,809.46
18096.0,808.81
13223.0,805.92
17866.0,805.3000000000001
13145.0,805.0
18062.0,802.85
14872.0,802.68
12696.0,801.15
17023.0,800.1800000000001
18181.0,799.76
13041.0,799.13
12842.0,799.0
16175.0,798.85
17281.0,797.85
15105.0,795.98
17179.0,795.47
14055.0,795.3199999999999
17239.0,794.2
12393.0,794.15
13175.0,793.1
16491.0,792.8100000000001
14075.0,792.61
13140.0,790.71
17888.0,790.17
16472.0,789.6
17952.0,788.46
16661.0,788.31
16387.0,788.1
17135.0,787.11
13770.0,785.37
16784.0,784.73
13595.0,784.48
12761.0,782.95
16155.0,781.05
16493.0,780.46
12648.0,778.95
16958.0,778.49
13155.0,778.4200000000001
13612.0,777.79
13965.0,777.6600000000001
16049.0,777.34
15794.0,777.0
12576.0,776.89
12993.0,776.5
17482.0,775.64
15021.0,775.21
17746.0,774.63
12370.0,774.62
16384.0,774.45
14522.0,773.88
14687.0,773.6800000000001
12785.0,773.6
15254.0,773.04
15850.0,771.87
15197.0,771.4
18196.0,770.56
14838.0,769.9200000000001
18136.0,769.88
16676.0,769.78
12449.0,768.6
17356.0,768.25
12440.0,768.15
12379.0,767.98
17545.0,767.54
16955.0,767.49
17801.0,767.48
14820.0,767.47
14226.0,766.14
16386.0,765.59
12847.0,765.36
14609.0,764.64
12670.0,764.24
12423.0,763.08
12373.0,763.0500000000001
14565.0,760.1
13989.0,759.98
13023.0,759.13
14947.0,758.97
13208.0,758.65
15908.0,758.62
13768.0,758.07
15994.0,758.07
17854.0,757.24
14326.0,757.13
14618.0,757.08
14894.0,756.46
16769.0,755.51
15331.0,755.41
18179.0,754.38
13026.0,753.97
12987.0,753.51
16861.0,750.72
16071.0,750.5600000000001
16638.0,749.8100000000001
14484.0,749.0600000000001
16972.0,749.0
13108.0,748.46
17492.0,747.85
15137.0,747.55
13614.0,747.28
14228.0,745.5
16172.0,744.34
15420.0,743.0
14302.0,742.9000000000001
16451.0,742.4300000000001
18275.0,741.85
17734.0,741.69
16344.0,741.3199999999999
13589.0,741.09
17764.0,741.02
13713.0,740.76
15723.0,740.0
17525.0,739.2
16183.0,739.1
12632.0,738.88
15070.0,737.0500000000001
17787.0,736.28
14714.0,736.21
16092.0,736.13
15605.0,735.1700000000001
13286.0,734.91
12537.0,732.94
15574.0,732.84
17633.0,732.55
18116.0,731.38
13363.0,731.36
16496.0,731.25
14199.0,731.1
14885.0,730.8
15971.0,730.5800000000002
14248.0,730.37
17756.0,728.75
12426.0,728.6800000000001
12786.0,728.5000000000001
13727.0,727.9200000000001
17141.0,727.58
13049.0,727.46
16075.0,726.98
14871.0,726.89
16465.0,726.34
17624.0,725.15
17530.0,724.26
12588.0,724.0799999999999
16354.0,723.66
13264.0,722.5600000000001
15266.0,722.4
16907.0,722.0500000000001
18247.0,721.43
13370.0,721.32
16593.0,721.21
12915.0,721.2
15695.0,721.0600000000001
13921.0,720.75
15636.0,719.82
13617.0,719.62
15157.0,718.04
13541.0,717.9
13537.0,717.85
17860.0,717.39
15309.0,715.53
12592.0,715.02
16269.0,714.59
13604.0,713.39
14026.0,713.11
16468.0,712.62
14315.0,711.74
14167.0,711.7
14474.0,711.23
15322.0,711.18
15777.0,710.55
16262.0,709.4300000000001
13937.0,708.53
12485.0,708.1
14398.0,707.79
14942.0,706.56
16726.0,705.14
13296.0,705.11
14584.0,705.1
14284.0,704.4
15970.0,703.22
13439.0,702.9
17825.0,701.96
16693.0,701.62
14324.0,701.61
17362.0,698.3100000000001
17142.0,696.25
13856.0,695.48
17158.0,695.33
15995.0,694.54
17886.0,693.32
17547.0,692.35
15608.0,692.3
14890.0,691.6
17987.0,691.35
15235.0,690.3000000000001
17834.0,689.6700000000001
15814.0,689.11
14350.0,689.1
14696.0,687.7
14809.0,686.76
17284.0,686.54
14902.0,686.16
13987.0,682.54
18187.0,682.19
16407.0,681.97
13134.0,681.65
18271.0,680.85
17649.0,680.7
15973.0,680.62
13029.0,679.8
17237.0,679.44
17782.0,679.02
15363.0,678.11
14953.0,677.25
13814.0,676.95
13729.0,676.4300000000001
16646.0,675.05
13585.0,674.46
17349.0,674.16
17499.0,673.96
13656.0,673.7
16614.0,673.6
14583.0,673.33
16411.0,673.24
14139.0,670.98
14551.0,670.41
17080.0,669.91
13320.0,669.25
15428.0,668.97
12866.0,668.23
14321.0,667.83
14151.0,666.7
14932.0,666.13
13415.0,665.42
15356.0,664.66
16132.0,664.1999999999999
16704.0,664.16
13583.0,664.001
13514.0,663.7
16679.0,663.31
13864.0,662.4000000000001
16862.0,662.33
15223.0,662.2
17796.0,661.04
17081.0,660.48
14182.0,660.07
15393.0,659.48
17490.0,658.1800000000001
15715.0,658.02
13433.0,656.87
14412.0,656.16
14142.0,655.94
13285.0,655.47
17609.0,655.0699999999999
16723.0,654.96
17463.0,654.45
13466.0,654.3
15207.0,653.77
14477.0,652.8
15549.0,652.7
13922.0,652.45
13622.0,651.45
13840.0,651.4
14423.0,649.76
13873.0,649.32
15677.0,648.4
15945.0,646.27
16903.0,646.25
17062.0,645.8100000000001
17513.0,645.6
14450.0,645.19
17323.0,644.52
17380.0,643.75
14413.0,643.47
17963.0,643.16
13781.0,643.04
13237.0,643.0
17221.0,642.14
17629.0,641.4
16884.0,641.13
17155.0,640.76
14563.0,640.54
16227.0,640.5
14078.0,640.34
12880.0,640.13
12868.0,640.0
15114.0,639.56
18163.0,639.34
15713.0,639.24
16692.0,638.6999999999999
16428.0,638.49
17926.0,638.2
12699.0,638.11
16680.0,637.75
13435.0,637.44
12580.0,637.2
15183.0,637.03
16534.0,635.9
14425.0,635.89
15289.0,635.61
13243.0,635.26
14662.0,635.06
13892.0,634.68
14365.0,634.68
16037.0,634.42
17604.0,633.02
15666.0,632.94
13820.0,632.5
13540.0,632.39
16377.0,632.28
17123.0,631.87
17038.0,630.77
16805.0,630.75
16931.0,629.4
14920.0,629.4
16198.0,629.36
14283.0,628.44
16952.0,628.22
16846.0,628.09
13480.0,627.82
17951.0,627.5400000000001
16441.0,626.98
15385.0,625.2
14549.0,624.36
13405.0,624.11
17760.0,624.09
17282.0,623.08
12575.0,622.82
15845.0,622.78
14115.0,622.67
16712.0,621.5600000000001
15068.0,621.54
14169.0,621.51
14924.0,620.96
17708.0,620.85
12673.0,619.5
18283.0,619.37
13444.0,619.08
15025.0,617.83
15956.0,617.6
12703.0,617.48
15996.0,617.07
14794.0,617.04
16996.0,616.7
17205.0,615.27
16844.0,614.34
13573.0,614.27
14558.0,614.1
14247.0,613.84
15797.0,613.6800000000001
16345.0,613.33
15362.0,613.08
12855.0,612.84
14929.0,612.8100000000001
15651.0,612.76
17005.0,612.41
17350.0,612.381
16660.0,611.9
16158.0,611.32
15247.0,611.11
16922.0,611.08
13104.0,610.62
15243.0,610.6
13988.0,609.84
16675.0,608.86
14037.0,608.75
15107.0,608.6
15587.0,608.4
14087.0,608.0
13020.0,606.96
16781.0,606.4
14904.0,605.05
15303.0,604.76
12494.0,604.17
18058.0,603.9
16212.0,603.37
18264.0,603.25
15639.0,603.01
13836.0,602.52
17360.0,602.32
14657.0,601.97
13598.0,601.92
17998.0,601.74
17270.0,601.45
14254.0,601.03
17745.0,600.34
16077.0,599.9999999999998
15730.0,599.8
17869.0,599.78
14611.0,599.38
15201.0,598.0600000000001
17172.0,597.73
12923.0,597.6
15573.0,597.23
15631.0,596.67
13602.0,596.28
17176.0,596.1899999999999
17845.0,596.09
17209.0,595.7
13101.0,594.21
15929.0,594.0
13627.0,593.53
14746.0,593.5
14699.0,593.47
15483.0,592.56
13472.0,592.24
17473.0,592.15
17815.0,591.96
13513.0,591.89
12403.0,591.6600000000001
17098.0,591.07
18079.0,590.78
17968.0,590.44
13270.0,590.0
18173.0,589.52
18239.0,588.75
14624.0,588.22
15191.0,588.05
14550.0,587.69
14729.0,586.24
15400.0,586.1
12791.0,585.1500000000001
14455.0,584.37
12800.0,584.25
17041.0,583.71
15478.0,583.5600000000001
16100.0,582.64
16802.0,582.61
17099.0,582.17
15988.0,582.11
15416.0,580.28
17193.0,580.14
12514.0,580.08
14771.0,579.92
15026.0,579.89
14742.0,579.85
15038.0,579.67
15588.0,579.6
18108.0,577.8100000000001
16121.0,575.48
17773.0,575.37
12859.0,575.1
15637.0,574.23
16658.0,573.48
13804.0,572.73
13179.0,572.3100000000001
14382.0,572.19
17156.0,572.07
13233.0,571.34
13359.0,570.7
14020.0,570.46
14170.0,570.18
17189.0,569.88
15169.0,569.22
18244.0,568.64
17212.0,567.56
15627.0,566.9
13998.0,566.7
17555.0,565.43
16590.0,563.6
17665.0,563.1
14986.0,563.1
13936.0,563.08
17195.0,562.98
17664.0,561.59
13064.0,561.25
17159.0,560.71
16306.0,560.55
17413.0,560.14
13245.0,558.72
15759.0,557.9399999999999
13424.0,557.92
13832.0,557.69
13406.0,557.22
12573.0,556.87
16668.0,555.7
14934.0,555.26
17521.0,554.85
15102.0,554.67
12457.0,554.53
15948.0,553.85
14157.0,553.8000000000001
17407.0,552.9
17016.0,552.4
14891.0,552.35
13677.0,551.24
17924.0,550.95
17962.0,550.15
17194.0,549.88
16367.0,549.8100000000001
16111.0,549.33
15055.0,549.12
15200.0,549.0500000000001
14447.0,548.5
18039.0,548.22
15350.0,547.6
15584.0,547.34
18135.0,547.3100000000001
14725.0,546.76
18035.0,546.34
15080.0,546.25
15091.0,546.15
12990.0,546.0
17889.0,545.05
15076.0,544.99
15728.0,544.6
14893.0,544.41
14219.0,543.89
16838.0,543.76
16211.0,543.5699999999999
17852.0,543.47
15959.0,542.89
13785.0,542.49
16060.0,541.95
14798.0,541.37
13168.0,541.14
12819.0,540.52
15546.0,539.5500000000001
15900.0,539.39
12507.0,539.25
15650.0,539.03
16961.0,538.84
16392.0,538.81
17561.0,537.9
17411.0,537.59
13712.0,537.58
15799.0,537.2
15562.0,536.88
18140.0,536.41
17919.0,536.28
14460.0,536.26
14805.0,536.15
16916.0,536.04
14508.0,536.02
15890.0,535.65
13024.0,535.42
12810.0,534.99
16785.0,533.78
17709.0,533.5600000000001
18154.0,533.41
16707.0,533.41
14013.0,533.2
16872.0,533.11
14940.0,531.49
12797.0,531.28
16935.0,530.86
16836.0,530.5
13898.0,530.47
15800.0,530.18
17681.0,529.6
16204.0,529.53
12734.0,529.25
15842.0,528.75
12837.0,528.5600000000001
13057.0,528.24
18098.0,527.94
14104.0,527.3199999999999
15646.0,526.97
13106.0,526.96
15224.0,526.78
16565.0,526.75
17464.0,526.58
16421.0,526.27
12817.0,524.94
18006.0,524.83
13809.0,524.65
14417.0,524.65
13605.0,522.67
13980.0,521.88
15028.0,521.78
17198.0,521.66
16203.0,521.64
17373.0,520.58
17251.0,520.45
17591.0,519.95
13977.0,519.8100000000001
13287.0,519.67
12777.0,519.45
16001.0,519.0600000000001
12811.0,519.0500000000001
13190.0,518.76
16278.0,518.76
12825.0,518.63
13479.0,517.5
17397.0,516.87
13220.0,516.8
14429.0,516.28
15535.0,515.97
18243.0,515.78
13070.0,515.1
15152.0,513.73
16576.0,513.17
16792.0,513.08
17325.0,512.77
16810.0,510.5
13367.0,510.2
15110.0,509.75
17935.0,509.75
18001.0,509.01
13388.0,508.55
15396.0,508.20000000000005
13123.0,506.75
17639.0,506.67
15870.0,506.02000000000004
13094.0,505.80000000000007
13544.0,505.64
18207.0,505.12
16419.0,504.99
13255.0,504.95
14577.0,504.44
14807.0,504.14
13045.0,503.64
12376.0,503.15
12419.0,503.01
15462.0,502.45
17226.0,501.98
18049.0,500.92
12366.0,500.24
17358.0,500.2
13553.0,499.6
12953.0,498.96
14656.0,498.95
13961.0,498.70000000000005
14949.0,498.55
16222.0,498.50000000000006
15109.0,498.15000000000003
13569.0,497.74
14741.0,497.25
17034.0,497.25
17335.0,497.04
16415.0,496.49
17572.0,496.26000000000005
15278.0,496.16
16977.0,496.0
14818.0,495.76
16863.0,495.72
14008.0,493.74
12943.0,492.75
15957.0,492.36
13138.0,492.1
14310.0,492.1
17269.0,491.81
14663.0,490.6
16639.0,490.47
16947.0,490.25
17255.0,490.21999999999997
12983.0,490.08
12634.0,490.0
17616.0,489.59999999999997
12891.0,488.5
15599.0,488.32
17045.0,488.24
12355.0,488.21000000000004
15165.0,487.75
13412.0,487.35
16021.0,487.03
15138.0,486.59000000000003
17548.0,486.48
14834.0,485.86
16834.0,485.5
12443.0,485.31
15766.0,484.6
13733.0,484.53000000000003
14272.0,482.85
13502.0,482.6
17996.0,482.33
13684.0,482.29
16298.0,481.8
17106.0,481.58000000000004
18218.0,479.91999999999996
12979.0,479.54
17691.0,479.45
14319.0,476.95000000000005
18016.0,476.90000000000003
14788.0,476.88
16139.0,475.74
17420.0,475.7
17329.0,475.42
12977.0,474.64
17104.0,474.03000000000003
14738.0,473.7
16385.0,473.69
15071.0,473.49
16635.0,473.0
15314.0,472.68
15276.0,472.67
12793.0,471.85
14600.0,471.84
16447.0,471.19
13959.0,470.73
16034.0,470.67
17631.0,470.16
13745.0,469.73
17430.0,469.40999999999997
14058.0,469.19
14369.0,469.13
12450.0,469.07
17731.0,468.88
15387.0,468.65
12554.0,468.5
17294.0,467.79
16390.0,467.5
12958.0,467.34
13601.0,466.67
14126.0,466.33000000000004
13005.0,466.08
14237.0,466.04
16887.0,465.84000000000003
13103.0,465.70000000000005
17051.0,465.6
15748.0,465.45
17958.0,465.41999999999996
17274.0,465.4
15406.0,465.16
13546.0,465.15
15809.0,463.67
18083.0,463.53
13368.0,462.70000000000005
13512.0,462.18
18190.0,461.16
15969.0,460.95
16110.0,460.64
16310.0,460.08
16739.0,459.68
13166.0,458.73
14118.0,458.45
14958.0,458.26
13957.0,458.25
17849.0,457.96000000000004
14599.0,457.89
16069.0,457.7
16518.0,457.35
16412.0,457.2
15717.0,456.70000000000005
17067.0,454.54
12459.0,454.36
15714.0,453.93
13484.0,453.52
16014.0,453.45
17707.0,452.65
15921.0,452.23
12492.0,452.0
14011.0,451.92
13698.0,451.73
18100.0,451.56
18031.0,451.3
15961.0,451.28999999999996
17298.0,450.8
15264.0,450.46
16870.0,450.16
16039.0,449.65
15126.0,449.49
15418.0,449.42
17823.0,449.25
14296.0,448.45
16799.0,447.83
18201.0,447.53000000000003
16095.0,447.05
14108.0,447.05
14810.0,446.59
17476.0,446.51
14201.0,446.1
17276.0,445.44
18134.0,445.0
12788.0,444.90000000000003
15016.0,442.85
13846.0,442.73
13035.0,442.32
14996.0,442.28999999999996
17699.0,442.0
17759.0,441.92
12907.0,440.36
17643.0,439.7
13086.0,439.33000000000004
13432.0,439.1
17729.0,438.65000000000003
15859.0,438.46
17807.0,437.87
12945.0,437.16
18284.0,436.68
14123.0,436.18
16500.0,435.1
13150.0,435.02
13948.0,434.86
13738.0,434.78000000000003
13784.0,434.39
16601.0,434.3
16888.0,434.2
17223.0,433.99
16939.0,433.84999999999997
18029.0,433.77
16948.0,433.75
15613.0,433.71999999999997
16522.0,433.36
15847.0,433.3
17027.0,433.07
17178.0,432.96000000000004
17687.0,432.68
13626.0,432.26
17122.0,432.18
14042.0,431.98
16898.0,431.90999999999997
15160.0,431.11
15525.0,430.78000000000003
17842.0,430.69
15645.0,430.56
13000.0,430.15
15012.0,429.78
13165.0,429.68
14979.0,429.66
13242.0,429.0
18089.0,428.45
14627.0,428.25
16481.0,428.23
18262.0,428.06
16643.0,428.05
13624.0,427.18
18285.0,427.0
17740.0,426.90000000000003
16526.0,426.85
18152.0,426.69
12475.0,426.26
15217.0,426.24
14877.0,425.85
16414.0,424.96000000000004
16899.0,424.71000000000004
16978.0,424.55
17103.0,424.3
13441.0,424.26
13427.0,423.93
14595.0,423.85
12542.0,423.38
14381.0,423.26
14097.0,422.86
13374.0,422.8
16137.0,422.7
14690.0,422.63
12808.0,422.45
13964.0,421.9
16847.0,421.45
16765.0,420.75
18112.0,420.66999999999996
17423.0,420.54
15711.0,420.25
14575.0,420.22
13442.0,419.87
16541.0,419.78
13474.0,419.75
13096.0,419.7000000000001
17995.0,419.38
14675.0,419.21999999999997
17648.0,418.87
13073.0,418.08
16117.0,417.84000000000003
16737.0,417.6
17258.0,417.3
16226.0,417.05
15011.0,416.6
12608.0,415.79
14208.0,415.31
17805.0,414.72
16178.0,414.7
12956.0,413.82
12792.0,413.34
15872.0,413.0
17662.0,412.92
13194.0,412.08
14712.0,411.0
18011.0,410.79
17109.0,410.42
17598.0,409.98
16864.0,409.25
13310.0,409.17
13292.0,408.85
17285.0,407.94
15917.0,407.07
14846.0,406.8
16332.0,406.77
17163.0,406.68
14775.0,406.56
16632.0,406.4
17000.0,406.3
12741.0,406.07
16815.0,406.02
17812.0,405.48
13640.0,405.0
15968.0,404.55
13752.0,404.45000000000005
13574.0,404.45
14009.0,404.29999999999995
16720.0,403.74
13530.0,402.98
13699.0,402.82000000000005
13030.0,402.36
13453.0,402.01
16250.0,401.94
17076.0,401.67
15920.0,401.64
14471.0,400.95
17168.0,400.2
15501.0,399.95
14452.0,399.9
18101.0,399.61
15966.0,399.58
18128.0,399.29
13143.0,399.2
18111.0,398.90000000000003
15037.0,397.76
16418.0,397.62
13807.0,397.3
14793.0,396.91
14403.0,396.45
17918.0,396.39
14570.0,395.69
12787.0,395.52
13879.0,395.5
16538.0,395.07
16980.0,394.37
15960.0,394.0
17817.0,393.77
12499.0,393.72
17300.0,393.64
13067.0,393.05
17955.0,392.6
16827.0,392.13
16783.0,391.95
15446.0,391.65
15461.0,391.29999999999995
14072.0,390.85
14197.0,390.05
17116.0,389.78
15216.0,389.49
18078.0,389.4
12677.0,389.3
17479.0,389.26000000000005
13896.0,388.55
12616.0,388.1
12527.0,386.8
14678.0,386.44
16492.0,385.56
12973.0,385.55
15620.0,385.53000000000003
14826.0,385.2
15837.0,385.03000000000003
17615.0,384.7
16868.0,384.56
14358.0,384.3
14322.0,384.3
13966.0,384.26
15155.0,383.96999999999997
17361.0,383.59000000000003
15211.0,383.07
14767.0,382.81
13607.0,382.6
16648.0,382.14
17827.0,382.09
16304.0,381.66
17393.0,381.15000000000003
17903.0,381.09000000000003
12796.0,381.0
15341.0,380.5
16577.0,380.0
15219.0,379.7
17753.0,379.56
14200.0,379.2
17804.0,378.68
16535.0,378.28999999999996
12941.0,377.49
17717.0,376.92
13997.0,376.46
14531.0,376.34
14681.0,376.20000000000005
13688.0,375.5
14294.0,375.34000000000003
15691.0,375.0
13515.0,374.7
17568.0,374.45
14736.0,374.05
15626.0,373.57
16330.0,373.46999999999997
14083.0,373.3
13262.0,373.16
13197.0,373.01000000000005
13597.0,372.21
13780.0,372.06
16642.0,371.63
18162.0,371.51
15765.0,370.63
17480.0,370.41
17233.0,369.98
14569.0,369.94
17437.0,369.68
15287.0,369.34000000000003
15257.0,368.75
15477.0,368.4
17792.0,368.35
15989.0,368.31
14706.0,367.54
14277.0,367.4699999999997
14018.0,367.15
12899.0,366.4
17880.0,366.0
18160.0,365.82
15198.0,365.81
12889.0,365.66
16974.0,365.5
13008.0,364.81
15915.0,364.45
17524.0,363.9
17097.0,363.66
15922.0,363.6
14253.0,363.40000000000003
12871.0,363.38
15029.0,362.15
18091.0,360.85
13274.0,360.85
17012.0,360.61
17945.0,360.35
18208.0,360.08
15008.0,360.0
13181.0,359.69
13161.0,359.38
14919.0,359.35
17748.0,358.15
15958.0,357.77
16606.0,357.66
15595.0,357.59999999999997
14240.0,357.15000000000003
14193.0,356.8
17200.0,356.71
14172.0,356.27
12996.0,355.5
16920.0,355.45
16406.0,355.31
14268.0,354.85
14244.0,354.82
12519.0,354.35
14968.0,353.65
18003.0,353.51
16382.0,353.1
16763.0,352.85
13765.0,352.821
16857.0,352.8
16445.0,352.65
14022.0,352.15000000000003
14859.0,351.9
16274.0,351.75
17749.0,351.66
16192.0,351.3
14252.0,350.99
16545.0,350.52
13689.0,349.5
14545.0,349.25
16355.0,349.2
17577.0,348.75
15282.0,348.59
16263.0,348.16
12760.0,347.8
14672.0,347.59
15085.0,347.54
12411.0,346.9
13862.0,346.73
17780.0,346.56
13234.0,346.5
13413.0,345.8
15174.0,345.71
17934.0,344.90000000000003
15337.0,344.72
15519.0,344.61
12352.0,343.8
14552.0,343.71
17810.0,343.21
16714.0,343.18
13550.0,342.55
14989.0,342.4
18199.0,342.20000000000005
14724.0,341.9
16585.0,341.59000000000003
13252.0,341.3
13927.0,340.97
16259.0,340.94
16044.0,340.84000000000003
13109.0,340.74
15488.0,340.6
15818.0,340.5
15855.0,340.48
12900.0,340.33000000000004
15504.0,339.92
14338.0,339.88
12698.0,339.75
14203.0,339.34
15346.0,339.23
14176.0,339.11
15097.0,338.96999999999997
14048.0,338.76
14630.0,338.65
17833.0,338.46000000000004
17999.0,338.41
14998.0,338.31
17296.0,338.13
12869.0,337.66999999999996
18050.0,337.66
14926.0,337.65
13545.0,337.64
12780.0,337.4
13686.0,337.04
18221.0,337.03
16476.0,337.0
17299.0,336.62
17110.0,336.6
13258.0,336.59999999999997
17488.0,336.5
16141.0,335.54
18034.0,335.52
17821.0,334.62
14873.0,334.45
13167.0,333.82
17607.0,333.81
14513.0,332.42
16452.0,332.17
18203.0,332.1
17435.0,331.35
15683.0,330.79
15878.0,330.77
15938.0,330.23
13010.0,330.12
12850.0,330.0
15469.0,329.90000000000003
15447.0,329.76
18186.0,329.58000000000004
16596.0,329.48
17518.0,329.42
12890.0,329.3
15979.0,329.21999999999997
13877.0,329.09
13710.0,329.04
16348.0,328.77
17334.0,328.13
16647.0,327.84
17196.0,327.75
16519.0,327.68
15735.0,327.68
16166.0,327.48
13981.0,327.39
13498.0,327.38
17152.0,327.0
17744.0,326.74
12460.0,326.65
16604.0,326.25
18047.0,326.09
17439.0,325.74
12804.0,325.37
17580.0,325.3
13661.0,325.24
15982.0,324.51
12946.0,324.45
12920.0,323.86
17776.0,323.81
16715.0,323.8
12495.0,323.4
16641.0,323.4
13025.0,323.39
13646.0,323.3
16195.0,323.25
16856.0,323.09000000000003
14263.0,322.93
12844.0,322.64
15726.0,321.91
18090.0,321.9
13111.0,321.88000000000005
17976.0,321.79
16880.0,321.78000000000003
17864.0,321.72
17471.0,321.65000000000003
18191.0,321.6
14070.0,321.6
15770.0,321.45
12361.0,321.35
17182.0,321.3
16224.0,321.24
13700.0,321.09
15323.0,320.90000000000003
12410.0,320.38
12763.0,320.08
13942.0,320.0
13046.0,319.94
13843.0,319.75
16273.0,318.34000000000003
14851.0,318.06
14024.0,318.04
18253.0,317.88
12353.0,317.76
15616.0,317.11
17689.0,317.08
15901.0,317.0
15682.0,316.99
16122.0,316.92
13833.0,316.56
16829.0,316.1
16193.0,315.98
13717.0,315.79
15092.0,315.35
17121.0,314.74
13859.0,314.7
14991.0,314.67
18206.0,314.65999999999997
15196.0,313.7
13087.0,313.64
17514.0,313.35
17169.0,313.0
13639.0,312.93
16234.0,312.78000000000003
15128.0,312.68
16261.0,312.62
17326.0,312.35
18189.0,312.24
14053.0,312.05
12529.0,311.78000000000003
16109.0,311.7
15530.0,311.37
15634.0,311.1
16328.0,310.83
14094.0,310.82
14339.0,310.75
15405.0,310.74
13847.0,310.72
16439.0,310.70000000000005
14848.0,310.56
16913.0,310.47
15188.0,310.43
13315.0,310.26000000000005
14749.0,310.15
13628.0,310.14
14231.0,309.91
14122.0,309.77
16424.0,309.5
16373.0,309.49
16683.0,309.35
17563.0,309.28
14722.0,309.1
14148.0,309.09000000000003
16194.0,308.6
14181.0,308.35
13369.0,308.28000000000003
14927.0,308.2
17883.0,308.18
15778.0,307.95000000000005
13289.0,307.95
18070.0,307.75
15598.0,307.34
17721.0,307.21000000000004
13158.0,307.12
13036.0,307.1
16649.0,306.58
13281.0,306.45
14753.0,306.36
16524.0,306.19
17077.0,306.0
13238.0,305.9
14168.0,305.9
14133.0,305.5
14783.0,305.35
15893.0,305.28000000000003
13383.0,305.28000000000003
17436.0,305.01
15127.0,304.97
15951.0,304.95
17579.0,304.38
15143.0,304.18
14990.0,304.17
12947.0,304.04
16489.0,303.7
14791.0,303.63
12427.0,303.5
14216.0,303.09000000000003
17033.0,302.65000000000003
15242.0,302.04
16135.0,301.9
13773.0,301.54
13625.0,301.26
16437.0,301.25
12351.0,300.93
13400.0,300.93
17674.0,300.66
13706.0,300.38
14797.0,300.31
12775.0,300.08000000000004
14043.0,299.65
17766.0,299.61
13500.0,299.53
13346.0,299.4
15880.0,299.03
12595.0,299.02
13600.0,298.9
18212.0,298.3
16583.0,297.95
12897.0,297.75
13164.0,297.46000000000004
12434.0,297.29
17601.0,297.07
12504.0,297.0
16080.0,296.3
12898.0,296.21
17703.0,296.1
17608.0,296.07
13516.0,295.85
13660.0,295.74
14614.0,295.13
15630.0,295.05
17057.0,294.74
15448.0,294.17
14137.0,294.09999999999997
16148.0,294.05
17927.0,294.0
15718.0,293.79
14192.0,293.74
15928.0,293.53
17710.0,293.5
17441.0,293.35
13002.0,293.18
14835.0,293.09999999999997
12445.0,293.08000000000004
17207.0,292.62
18280.0,291.85
17907.0,291.76
17882.0,291.56
18182.0,291.13
15302.0,291.05
13796.0,289.7
17923.0,289.5
15962.0,289.48
16018.0,289.23
17988.0,288.42
17536.0,288.33
14010.0,288.1
18043.0,287.91
14238.0,287.38
17497.0,287.25
12421.0,286.56
17688.0,286.5
16936.0,286.39
15863.0,286.26
17344.0,286.24
14353.0,285.9
14402.0,285.6
13207.0,285.6
16343.0,285.54
16890.0,285.41
17627.0,285.11
13308.0,284.86
15280.0,284.4
13616.0,283.85
16078.0,283.79
15662.0,283.73
15184.0,283.19
15391.0,282.92
13909.0,282.85
15936.0,282.79
16442.0,282.68
13326.0,281.76
17678.0,281.7
13679.0,281.26
18217.0,281.05
15022.0,281.05
15772.0,280.88
14433.0,280.7
13034.0,279.91
14537.0,279.89
13283.0,279.7
14183.0,278.34000000000003
17680.0,278.1
14303.0,277.94
12717.0,277.93
15338.0,277.93
16543.0,277.81
15006.0,277.4
14840.0,277.36
13428.0,276.76
12538.0,276.5
15368.0,275.8
13135.0,275.45
13399.0,275.4
15473.0,274.8
15857.0,273.48
17072.0,273.35
17355.0,273.31
17867.0,273.03
14128.0,271.86
17292.0,271.75
13487.0,271.47
17785.0,271.44
15943.0,271.28999999999996
14581.0,271.05
18238.0,270.92
15361.0,270.15
14647.0,270.0
12807.0,269.95
15964.0,269.21000000000004
17264.0,268.28
12751.0,268.27
15181.0,268.17
18254.0,267.9
15689.0,266.93
17433.0,266.8
15124.0,266.63
13695.0,266.6
14392.0,266.4
15246.0,266.25
14472.0,266.05
17011.0,265.8
13277.0,264.9
16615.0,264.5
16579.0,264.45
12974.0,264.15
17187.0,263.76
16334.0,263.73
16286.0,263.65000000000003
13128.0,263.5
16089.0,263.49
12892.0,263.38
17808.0,262.64
12771.0,262.5
13331.0,262.4
16932.0,262.32
14462.0,262.24
14494.0,261.9
17964.0,261.76
17910.0,261.7
14269.0,261.68
17495.0,261.51
12655.0,261.35
12991.0,261.06
15888.0,260.85
17375.0,260.45
17705.0,260.38
16413.0,259.83
12487.0,259.8
16733.0,259.68
17558.0,259.17
15536.0,259.09
14704.0,258.96
17256.0,258.93
12386.0,258.90000000000003
12942.0,258.75
14526.0,258.65
13683.0,258.6
16502.0,258.55
13307.0,258.34
15404.0,257.06
14463.0,256.95
14777.0,256.71000000000004
14876.0,256.7
14274.0,256.6
16988.0,256.55
13825.0,255.59
16921.0,255.03
14594.0,255.0
17626.0,254.0
16845.0,253.88
17992.0,252.88
18267.0,252.87
13251.0,252.68
16074.0,252.5
12948.0,252.48
17210.0,251.72
16453.0,251.71
16911.0,251.35
13861.0,251.31
12651.0,251.3
14166.0,251.15
18266.0,251.1
16962.0,251.04
14470.0,250.85
17376.0,250.44
13974.0,249.93
16893.0,249.89000000000001
12638.0,249.8
16773.0,249.65
13309.0,249.58
12563.0,249.24
15918.0,248.65
16201.0,248.65
13834.0,247.89000000000001
16381.0,247.85
17718.0,247.63
15293.0,247.5
15540.0,247.38
14654.0,246.86
15697.0,246.75
13943.0,246.54000000000002
15378.0,246.5
15495.0,246.5
18153.0,246.22
13250.0,245.59
14325.0,245.48000000000002
14281.0,245.15
13511.0,244.61
13905.0,244.45
15864.0,244.44
18002.0,244.37
14694.0,244.31
17925.0,244.08
14079.0,243.63
14645.0,243.15
17009.0,242.06
13445.0,241.89999999999998
13582.0,241.68
15162.0,241.5
14774.0,241.45000000000002
12413.0,241.35
14052.0,241.3
16508.0,240.95
15336.0,240.5
18278.0,240.3
14962.0,240.21000000000004
15931.0,239.9
15262.0,239.87
12665.0,239.7
13789.0,239.46
17981.0,239.12
13275.0,238.86
15597.0,238.8
15884.0,238.65000000000003
12790.0,238.53
16280.0,238.05
17286.0,237.81
14982.0,237.78
17309.0,237.64000000000001
17371.0,236.97
16892.0,236.56
13088.0,236.11
12831.0,236.06
17093.0,235.88
17872.0,235.87
16046.0,235.78
14716.0,235.77
14342.0,235.03
12392.0,234.75000000000003
13114.0,234.38
16885.0,234.19
13009.0,234.0
12728.0,233.84
13672.0,233.53
14153.0,233.39999999999998
13129.0,233.25
16024.0,232.96
17055.0,232.85000000000002
13608.0,232.05
16408.0,231.93
17151.0,231.90000000000003
16436.0,231.84
17136.0,231.68
16006.0,231.42
18279.0,231.34
15487.0,231.32
14082.0,231.10999999999999
12746.0,230.85
18053.0,230.7
15941.0,230.6
14997.0,230.4
17007.0,230.17000000000002
14017.0,229.75
13177.0,229.75
17185.0,229.46
15273.0,228.96
14684.0,228.52
15231.0,228.36
17066.0,228.34
13416.0,228.3
14458.0,228.07
16760.0,228.0
17111.0,227.97
15566.0,227.87
14363.0,227.47000000000003
17868.0,227.15
17617.0,227.14000000000001
16740.0,226.91
15451.0,226.86
14718.0,226.42
15659.0,226.04
17993.0,225.99
14069.0,225.81
17915.0,225.78
16824.0,225.6
17181.0,225.45000000000002
14475.0,225.3
15304.0,225.15
13619.0,224.94
17472.0,224.81
16346.0,224.51
12914.0,223.98
16562.0,223.86
17967.0,223.42
13548.0,223.28
18131.0,222.95999999999998
18048.0,222.64000000000001
12887.0,222.4
15294.0,222.3
14596.0,222.22
16399.0,222.20000000000002
12348.0,222.15999999999997
14497.0,221.69
14445.0,221.65
17261.0,221.59
17087.0,221.53
18197.0,221.4
13955.0,221.10999999999999
16776.0,220.97
13519.0,220.46
15277.0,220.44
18132.0,220.13
13454.0,219.87
14074.0,219.4
12799.0,219.35
15244.0,218.61
15086.0,218.53
16832.0,218.46
15675.0,218.35
15591.0,217.9
16035.0,217.73
13721.0,217.39999999999998
13423.0,217.03
15401.0,216.95
16602.0,216.9
15987.0,216.70000000000002
18021.0,216.41
17902.0,216.4
16440.0,216.3
13674.0,215.88
15788.0,215.53
14376.0,215.46
17374.0,215.44
14635.0,215.22
18007.0,215.22
14106.0,214.8
14361.0,214.71
15424.0,214.44
15919.0,214.07999999999998
18157.0,213.9
14487.0,213.14000000000001
17458.0,213.08
13724.0,213.01
13398.0,213.0
13691.0,212.78
16146.0,212.25
17134.0,212.1
12961.0,211.99
12470.0,211.95
14843.0,211.8
16136.0,211.70000000000002
14981.0,211.4
15512.0,210.58
14992.0,210.5
13835.0,210.25
16874.0,209.89000000000001
17484.0,209.57
16357.0,209.49
13056.0,209.48
14003.0,209.41
16487.0,209.4
15112.0,209.4
18127.0,209.05
17855.0,208.97
17743.0,208.85
15458.0,208.8
15741.0,208.62
15134.0,208.3
12848.0,208.0
16964.0,207.85
16752.0,207.5
17989.0,207.33
15295.0,207.04
17991.0,206.95
17418.0,206.6
14311.0,206.19
17510.0,206.08
15914.0,205.99
14278.0,205.83
16284.0,205.8
16540.0,205.75
16402.0,205.65
16622.0,205.6
14602.0,205.35999999999999
12400.0,205.25
17571.0,205.23999999999998
17266.0,205.14
14928.0,204.46
17271.0,204.3
16901.0,204.26
13226.0,204.25
14468.0,204.24
16356.0,204.10000000000002
12663.0,204.0
14957.0,203.2
14519.0,203.14
17074.0,203.05
14419.0,202.85
15459.0,202.83
13080.0,202.75
12416.0,202.56
14892.0,202.35000000000002
17980.0,201.27
13556.0,200.82
14330.0,200.63
13944.0,200.43
16433.0,200.26
17245.0,200.18
18255.0,199.85
15001.0,199.10999999999999
13079.0,199.08
17647.0,198.6
15020.0,198.47
17184.0,198.41000000000003
17254.0,198.29
13584.0,198.0
17778.0,197.70000000000002
17112.0,197.57
12927.0,197.31
16937.0,196.25
13757.0,195.55
13669.0,195.0
14405.0,195.0
17065.0,194.7
15709.0,194.6
18110.0,193.48000000000002
15437.0,193.29000000000002
13962.0,193.25
14975.0,192.45
18028.0,192.05
14761.0,192.02
16695.0,191.9
14279.0,191.86
15954.0,190.75
14728.0,190.58
15688.0,190.57
14617.0,190.47
14670.0,190.47
13766.0,190.35
14446.0,189.93
17257.0,189.78
16362.0,189.67000000000002
18046.0,189.63
17022.0,189.0
16277.0,188.69
17283.0,188.46
16051.0,188.44
13792.0,188.4
13063.0,188.4
15115.0,187.99
15072.0,187.52
17772.0,187.3
13387.0,186.94
18156.0,186.88
16267.0,186.66
18063.0,186.60000000000002
15986.0,186.3
17215.0,186.15
16388.0,186.05
14879.0,185.06
14677.0,184.91
17803.0,184.66
12672.0,184.6
18161.0,184.41
14819.0,184.34
14119.0,183.37
14983.0,183.20000000000002
14436.0,182.64
17516.0,182.62
16819.0,182.59
14941.0,182.1
17248.0,181.89000000000001
12934.0,181.65
12789.0,181.5
15490.0,181.35
13282.0,181.05
14858.0,180.75
18119.0,180.7
17820.0,180.60999999999999
16090.0,180.56
14799.0,180.45000000000002
17035.0,180.06
18234.0,179.6
15042.0,179.52
14945.0,179.4
16640.0,179.4
16490.0,179.16000000000003
15209.0,178.98000000000002
14812.0,178.85
16691.0,178.83
16299.0,178.65
16469.0,178.48000000000002
16448.0,178.13
17798.0,178.07
17483.0,177.69
16285.0,176.9
17036.0,176.9
17587.0,176.71
13746.0,176.69
18054.0,176.5
16315.0,176.34
18175.0,176.10000000000002
18056.0,176.1
13508.0,176.07999999999998
17840.0,175.9
12547.0,175.78
15423.0,175.64000000000001
14486.0,175.5
18166.0,175.5
13007.0,175.25
16559.0,175.0
17108.0,174.95
13565.0,174.57999999999998
16780.0,174.16
14674.0,173.66
12441.0,173.55
16741.0,173.06
16599.0,172.8
13671.0,172.6
15515.0,171.81
17983.0,171.71
17575.0,171.7
15869.0,171.47
17789.0,171.25
17384.0,171.15
16312.0,171.15
16673.0,171.13
15445.0,171.0
15403.0,170.88
14811.0,170.5
13852.0,170.45000000000002
17922.0,170.4
16731.0,170.3
17542.0,170.1
13747.0,169.8
16002.0,169.21
15647.0,169.0
15065.0,168.73
17392.0,168.65
18269.0,168.60000000000002
14131.0,168.22
14521.0,167.65
17559.0,167.62
17586.0,167.4
13609.0,167.35
14954.0,167.27
15166.0,167.16
17875.0,167.1
13547.0,167.08
15135.0,166.63
18107.0,165.88
13903.0,165.45000000000002
16990.0,165.0
18017.0,165.0
16663.0,165.0
13191.0,164.69
13754.0,164.45
17417.0,164.18
14955.0,163.77
16757.0,163.65
17660.0,163.47
17715.0,163.2
16050.0,162.8
18246.0,162.72
15359.0,162.6
13581.0,162.53
12954.0,162.45
15552.0,162.4
15534.0,162.25
16443.0,162.24
12661.0,162.0
17971.0,161.94
18270.0,161.4
13714.0,161.35
13779.0,161.13
17605.0,160.75
17202.0,160.65
17487.0,160.55
15229.0,160.5
16645.0,160.39
14571.0,160.0
14784.0,159.94
17171.0,159.68
13701.0,159.55
17953.0,159.17000000000002
15499.0,158.65
15548.0,158.09
14318.0,158.02
17751.0,157.85999999999999
14207.0,157.8
14822.0,157.7
16687.0,157.63
12894.0,157.35
17318.0,157.32999999999998
16371.0,157.2
15742.0,156.87
16578.0,156.6
17359.0,156.6
17765.0,156.37
13051.0,155.8
12738.0,155.35
16473.0,154.72
13403.0,154.5
13490.0,154.25
14814.0,154.21
16908.0,153.59
15560.0,153.52
15431.0,153.24
13676.0,153.15
16589.0,153.12
18273.0,153.0
12864.0,152.45
15509.0,152.41
13551.0,152.39999999999998
17327.0,152.35
13653.0,152.2
16681.0,151.5
18076.0,151.49
13482.0,151.45
15894.0,151.44
15524.0,151.4
14516.0,151.17
16662.0,151.05
14980.0,150.68
15991.0,150.55
14084.0,150.5
15474.0,150.35
14845.0,150.0
17901.0,149.7
17390.0,149.3
12851.0,148.95
14163.0,148.71
13125.0,148.62
15684.0,147.79999999999998
13578.0,147.66
18210.0,147.45
15479.0,147.4
16724.0,147.35
17794.0,147.3
13642.0,147.17
17898.0,147.12
14683.0,146.56
16323.0,146.16
15496.0,146.14
18137.0,145.99
16127.0,145.06
15902.0,145.01
17219.0,144.9
16822.0,144.84
17938.0,144.29
12387.0,143.94
14604.0,143.85999999999999
14574.0,143.70000000000002
13457.0,143.27
17149.0,143.10000000000002
15761.0,143.05
17556.0,142.77
16507.0,142.71
13992.0,142.7
15670.0,142.15
17767.0,141.85
16149.0,141.7
17771.0,141.6
16368.0,141.53
18038.0,141.48
17273.0,141.12
12636.0,141.0
17959.0,140.75
15720.0,140.49
15702.0,140.39
15324.0,140.22000000000003
12619.0,140.14
13839.0,139.95000000000002
13452.0,139.8
15374.0,139.32
14707.0,139.2
15773.0,138.84
15873.0,138.23999999999998
17982.0,138.18
15848.0,137.99
16542.0,137.7
17440.0,137.16
15577.0,137.15
13907.0,136.8
13195.0,136.73
16237.0,136.65
16651.0,136.2
16876.0,136.01
14366.0,136.0
13830.0,135.95000000000002
17583.0,135.95
14391.0,135.6
15283.0,135.43
13076.0,135.4
14588.0,135.39
15545.0,135.32999999999998
13702.0,135.18
17199.0,135.04000000000002
14171.0,135.0
13509.0,135.0
13119.0,134.9
12691.0,134.6
15926.0,134.44
16486.0,134.36
12959.0,133.35
17826.0,133.34
17070.0,133.18
13217.0,132.5
17408.0,132.24
12964.0,132.24
15558.0,131.88
17565.0,131.83
14378.0,131.25
17301.0,131.15
17225.0,131.15
16865.0,130.95
17240.0,130.60000000000002
16410.0,130.32
15432.0,130.07
16628.0,130.05
12362.0,130.0
12414.0,130.0
16288.0,129.85
17762.0,129.75
17847.0,129.69
14999.0,129.48000000000002
18020.0,129.28
12555.0,129.23
13071.0,129.22
17928.0,128.7
17056.0,128.60000000000002
17089.0,128.45
16251.0,128.31
15892.0,128.2
12821.0,128.08
13053.0,127.65
16690.0,127.45
13586.0,127.28
13169.0,127.2
14491.0,127.2
15923.0,127.08
16973.0,127.0
15454.0,126.89
16840.0,126.71
14751.0,126.45
17386.0,126.35000000000001
16294.0,126.05000000000001
13794.0,126.03
17657.0,126.0
14773.0,125.7
16925.0,125.65
15731.0,125.3
13912.0,124.95
17818.0,124.78
13312.0,124.75
17316.0,124.45
18000.0,124.25
15779.0,124.08000000000001
13968.0,123.66
14187.0,123.5
16397.0,123.13
12969.0,122.45
14616.0,121.7
12858.0,121.08
17260.0,120.95
14884.0,120.6
14444.0,120.44
18281.0,120.32
17543.0,120.05
14241.0,120.0
14483.0,120.0
15161.0,119.92
17541.0,119.86
17177.0,119.5
17170.0,118.98
17403.0,118.95
17280.0,118.86
13257.0,117.95
16291.0,117.72
15409.0,117.2
14762.0,117.05
14726.0,116.5
13084.0,116.44999999999999
15503.0,116.26
14874.0,116.18
14173.0,116.11
18042.0,116.10000000000001
16068.0,115.73
14077.0,115.66
16185.0,115.31
18012.0,115.3
14039.0,115.08000000000001
17843.0,114.92
17401.0,114.85
13651.0,114.75
15905.0,114.69
17933.0,114.69
15543.0,114.4
17275.0,114.1
15056.0,113.65
16821.0,113.35
17784.0,112.86
18148.0,112.85000000000001
13241.0,112.53
13620.0,112.34
15317.0,112.05000000000001
14750.0,112.03
14668.0,111.63
17304.0,111.5
13594.0,111.45000000000002
15018.0,111.25
17208.0,111.15
15352.0,111.15
14464.0,111.0
14509.0,110.95
12692.0,110.95
17383.0,110.7
18256.0,110.69999999999999
14787.0,110.65
16544.0,110.30000000000001
17909.0,110.05
14806.0,110.04
15851.0,109.73
15041.0,109.47
14033.0,109.44
16064.0,109.31
16664.0,109.2
14721.0,109.07
15875.0,108.52
14374.0,108.0
13580.0,107.75
14943.0,107.62
16301.0,107.33
15328.0,107.24
16047.0,107.14
15846.0,107.01
16998.0,107.0
16082.0,106.75
14637.0,106.68
15927.0,106.54
15212.0,106.47999999999999
18103.0,105.8
15642.0,105.78
14579.0,105.56
15340.0,105.5
17328.0,104.7
16630.0,104.30000000000001
16547.0,104.25999999999999
12601.0,104.2
14908.0,104.10000000000001
16375.0,104.0
16896.0,103.95
15924.0,102.82
16396.0,102.7
18124.0,102.65
17467.0,102.6
13829.0,102.0
15486.0,102.0
17723.0,102.0
14314.0,101.89999999999999
14271.0,101.86
16944.0,101.36
18195.0,101.16
17741.0,101.1
17493.0,100.91
17224.0,100.86000000000001
15208.0,100.4
15635.0,100.35
17094.0,100.2
16289.0,98.81
16666.0,98.73
12774.0,98.7
15048.0,98.7
16694.0,98.30000000000001
17395.0,97.5
18037.0,97.39999999999999
12652.0,97.05000000000001
17217.0,96.6
15852.0,96.55
13793.0,96.0
15583.0,95.96
16188.0,95.85000000000001
13302.0,95.45
16552.0,95.28999999999999
15285.0,94.92
14833.0,94.8
15868.0,94.53
14394.0,93.8
15305.0,93.6
17783.0,93.49
15082.0,93.35000000000001
12992.0,93.35
16196.0,93.3
15816.0,93.3
15729.0,92.7
12829.0,92.3
18123.0,92.2
16831.0,91.8
13083.0,91.67999999999999
13392.0,91.14
14786.0,90.96
13133.0,90.65
14435.0,90.42
15686.0,90.0
13535.0,89.5
12686.0,89.14
18084.0,88.5
13222.0,88.5
16564.0,87.80000000000001
13549.0,87.6
15724.0,87.5
17606.0,87.30000000000001
13187.0,86.64
13180.0,86.10000000000001
13967.0,85.6
15094.0,83.0
14347.0,82.60000000000001
13469.0,82.4
16028.0,82.2
13215.0,81.6
17008.0,81.36
15170.0,81.15
17336.0,81.12
15833.0,80.4
15131.0,80.28
16165.0,79.9
14190.0,79.9
14007.0,79.48
14865.0,77.52
12570.0,77.52
16867.0,76.74000000000001
14613.0,76.32000000000001
18113.0,76.32000000000001
13219.0,76.23
17816.0,75.75999999999999
14559.0,75.6
13739.0,75.3
17192.0,75.28
16420.0,75.0
17944.0,74.99
16061.0,74.9
14717.0,72.8
13105.0,72.0
15256.0,71.95
16459.0,71.78999999999999
16970.0,71.4
15564.0,70.74000000000001
12568.0,70.0
13172.0,69.6
12861.0,68.25
17249.0,68.03
17532.0,65.34
13022.0,65.3
17912.0,64.49
16238.0,63.66
17216.0,63.6
15470.0,63.419999999999995
12404.0,63.24
16058.0,62.7
14650.0,62.5
13380.0,62.4
13303.0,61.72
17960.0,61.300000000000004
13818.0,61.28
15375.0,60.959999999999994
16605.0,60.48
15250.0,60.0
17339.0,60.0
17330.0,59.900000000000006
15371.0,59.400000000000006
15233.0,59.400000000000006
18174.0,58.5
14384.0,58.5
17468.0,57.8
12466.0,56.73
15899.0,56.25
15685.0,55.980000000000004
12776.0,55.5
17494.0,54.7
12860.0,54.22
17026.0,54.15
13306.0,53.65
14191.0,53.4
16786.0,51.84
13254.0,51.41
13011.0,50.550000000000004
14743.0,50.480000000000004
16530.0,48.35
13438.0,46.5
15698.0,46.2
15775.0,45.599999999999994
12496.0,45.34
15672.0,45.300000000000004
17599.0,44.55
17916.0,43.87
13666.0,43.25
14495.0,42.5
13913.0,42.22
13906.0,42.0
16219.0,40.8
14266.0,40.56
14086.0,39.95
14589.0,39.75
17246.0,38.92
15455.0,38.25
15693.0,37.5
15158.0,36.25999999999999
17352.0,36.25
17763.0,36.15
14993.0,36.13
16417.0,35.7
14576.0,35.400000000000006
12925.0,35.28
17533.0,34.8
16321.0,34.8
18018.0,34.55
17557.0,34.0
15871.0,33.099999999999994
16941.0,33.0
14977.0,31.93
17129.0,31.85
13915.0,31.200000000000003
14144.0,30.6
14972.0,30.300000000000004
16548.0,30.15
15575.0,30.1
13033.0,30.0
17319.0,29.099999999999998
15603.0,26.25
17278.0,25.2
15284.0,24.75
13144.0,24.4
14610.0,24.35
16537.0,23.35
14727.0,22.55
12606.0,21.0
15999.0,20.4
12846.0,15.58
14580.0,14.85
14900.0,13.919999999999998
17040.0,13.52
16454.0,10.05
18115.0,9.700000000000001
15040.0,7.49
15913.0,6.300000000000001
13788.0,3.75
14095.0,2.95
12773.0,1.7763568394002505e-15
13163.0,0.0
16943.0,0.0
12467.0,0.0
14827.0,0.0
17570.0,0.0
18227.0,0.0
16886.0,0.0
14103.0,0.0
12768.0,0.0
17592.0,0.0
14213.0,0.0
17378.0,0.0
16555.0,-1.7763568394002505e-15
14598.0,-1.7763568394002505e-15
16252.0,-2.6645352591003757e-15
13703.0,-6.217248937900877e-15
16995.0,-1.25
16580.0,-5.0
13112.0,-5.440000000000004
14914.0,-5.85
17641.0,-6.95
12590.0,-7.9
14925.0,-7.95
16446.0,-9.0
17645.0,-9.9
14763.0,-9.95
16220.0,-10.17
13749.0,-10.25
16575.0,-10.49
15383.0,-10.5
16154.0,-10.5
17632.0,-12.7
16404.0,-12.75
13664.0,-13.14
13054.0,-14.0
13342.0,-14.100000000000001
16703.0,-15.0
17130.0,-18.38
12382.0,-18.38
14267.0,-19.9
15997.0,-23.4
14120.0,-23.8
13365.0,-26.9
13353.0,-28.849999999999998
17485.0,-29.55
12896.0,-29.75
15940.0,-31.8
16512.0,-33.9
15357.0,-36.75
13528.0,-40.0
14864.0,-48.75
12346.0,-51.739999999999995
17661.0,-54.0
14906.0,-66.98
16853.0,-67.5
17755.0,-72.23
12706.0,-91.89
14912.0,-92.94000000000005
15354.0,-94.8
14380.0,-99.72999999999999
13910.0,-127.66
16514.0,-134.86
16879.0,-140.95999999999998
13463.0,-158.65
17943.0,-165.03
17424.0,-176.96
13290.0,-208.63
17452.0,-227.28
15767.0,-242.70000000000002
14832.0,-274.63
14313.0,-302.31
13633.0,-306.66
15935.0,-308.82
13776.0,-340.17
13231.0,-355.2
14328.0,-445.06
13091.0,-450.03999999999996
17017.0,-486.6999999999996
17445.0,-506.51
13409.0,-525.65
14781.0,-530.31
17546.0,-648.05
14337.0,-658.63
13378.0,-756.4
16994.0,-779.32
14308.0,-849.45
14939.0,-934.66
13335.0,-955.06
16669.0,-1144.73
14255.0,-1441.6
14802.0,-1502.98
13100.0,-1598.67
13401.0,-1834.14
15896.0,-1899.67
15413.0,-2531.3799999999997
15202.0,-2570.1800000000003
17013.0,-3224.76
18023.0,-3248.86
14063.0,-3767.1999999999994
16151.0,-4217.59
16981.0,-4620.86
15760.0,-5795.87
15849.0,-5876.34
12918.0,-10953.5
17399.0,-25111.09
